,Dataset Name,"pCQO_MIS ER 700-800 MGD batch_size=256, learning_rate=0.001, momentum=0.5, gamma=500, gamma_prime=1,  terms=three at step 58500 Solution Size","pCQO_MIS ER 700-800 MGD batch_size=256, learning_rate=0.001, momentum=0.5, gamma=500, gamma_prime=1,  terms=three at step 58500 Solution Time"
0,ER_700_800_0.05_15,90,30.08594012260437
1,ER_700_800_0.05_23,91,30.002676725387573
2,ER_700_800_0.05_2,90,30.000273942947388
3,ER_700_800_0.05_22,90,30.000236988067627
4,ER_700_800_0.05_3,90,30.118550539016724
5,ER_700_800_0.05_14,92,30.000792264938354
6,ER_700_800_0.05_1,88,30.052306413650513
7,ER_700_800_0.05_20,87,30.096196174621582
8,ER_700_800_0.05_30,91,30.08798098564148
9,ER_700_800_0.05_29,88,30.176793098449707
10,ER_700_800_0.05_8,89,30.15219783782959
11,ER_700_800_0.05_16,89,30.001097202301025
12,ER_700_800_0.05_28,88,30.117274522781372
13,ER_700_800_0.05_9,89,30.045844078063965
14,ER_700_800_0.05_17,87,30.000373601913452
15,ER_700_800_0.05_0,91,30.19032096862793
16,ER_700_800_0.05_31,90,30.151937007904053
17,ER_700_800_0.05_21,91,30.115466117858887
18,ER_700_800_0.05_5,91,30.071848392486572
19,ER_700_800_0.05_24,91,30.189354181289673
20,ER_700_800_0.05_12,88,30.00008797645569
21,ER_700_800_0.05_13,88,30.216009855270386
22,ER_700_800_0.05_4,90,30.257190227508545
23,ER_700_800_0.05_25,90,30.000170469284058
24,ER_700_800_0.05_11,88,30.11531352996826
25,ER_700_800_0.05_18,88,30.012207984924316
26,ER_700_800_0.05_27,89,30.33536958694458
27,ER_700_800_0.05_6,90,30.000011920928955
28,ER_700_800_0.05_19,89,30.10737919807434
29,ER_700_800_0.05_26,92,30.16032886505127
30,ER_700_800_0.05_7,91,30.000144243240356
31,ER_700_800_0.05_10,88,30.150697469711304
32,ER_700_800_0.1_1,53,30.232541799545288
33,ER_700_800_0.1_12,53,30.33272385597229
34,ER_700_800_0.1_8,54,30.01108980178833
35,ER_700_800_0.1_24,54,30.035884618759155
36,ER_700_800_0.1_9,54,30.298606634140015
37,ER_700_800_0.1_25,53,30.3413143157959
38,ER_700_800_0.1_0,53,30.000176429748535
39,ER_700_800_0.1_13,55,30.178202867507935
40,ER_700_800_0.1_27,52,30.295912504196167
41,ER_700_800_0.1_18,53,30.1303551197052
42,ER_700_800_0.1_2,54,30.00018286705017
43,ER_700_800_0.1_11,54,30.143601655960083
44,ER_700_800_0.1_3,53,30.245834589004517
45,ER_700_800_0.1_10,53,30.00067973136902
46,ER_700_800_0.1_26,52,30.105370044708252
47,ER_700_800_0.1_19,54,30.282808780670166
48,ER_700_800_0.1_23,52,30.204943895339966
49,ER_700_800_0.1_15,53,30.184614896774292
50,ER_700_800_0.1_6,53,30.18567728996277
51,ER_700_800_0.1_14,53,30.19091534614563
52,ER_700_800_0.1_7,55,30.216512441635132
53,ER_700_800_0.1_22,54,30.198458433151245
54,ER_700_800_0.1_16,53,30.00020170211792
55,ER_700_800_0.1_29,54,30.231470108032227
56,ER_700_800_0.1_5,54,30.062634706497192
57,ER_700_800_0.1_20,53,30.093997716903687
58,ER_700_800_0.1_30,54,30.00032138824463
59,ER_700_800_0.1_31,53,30.056076765060425
60,ER_700_800_0.1_21,54,30.01347255706787
61,ER_700_800_0.1_17,54,30.155399799346924
62,ER_700_800_0.1_28,54,30.000358819961548
63,ER_700_800_0.1_4,54,30.03305697441101
64,ER_700_800_0.15_25,38,30.003004789352417
65,ER_700_800_0.15_13,39,30.00008225440979
66,ER_700_800_0.15_4,39,30.00000500679016
67,ER_700_800_0.15_12,39,30.155391216278076
68,ER_700_800_0.15_5,39,30.0005145072937
69,ER_700_800_0.15_24,39,30.23340344429016
70,ER_700_800_0.15_7,38,30.021095275878906
71,ER_700_800_0.15_10,39,30.000259399414062
72,ER_700_800_0.15_26,38,30.00023078918457
73,ER_700_800_0.15_19,40,30.011584758758545
74,ER_700_800_0.15_27,39,30.036937952041626
75,ER_700_800_0.15_18,39,30.105931282043457
76,ER_700_800_0.15_6,39,30.00051522254944
77,ER_700_800_0.15_11,40,30.030248403549194
78,ER_700_800_0.15_3,39,30.000062704086304
79,ER_700_800_0.15_14,39,30.000340938568115
80,ER_700_800_0.15_22,38,30.084260940551758
81,ER_700_800_0.15_23,39,30.00008988380432
82,ER_700_800_0.15_2,39,30.169991493225098
83,ER_700_800_0.15_15,39,30.000090837478638
84,ER_700_800_0.15_9,39,30.000048637390137
85,ER_700_800_0.15_21,39,30.00024127960205
86,ER_700_800_0.15_31,40,30.000587940216064
87,ER_700_800_0.15_17,39,30.091126918792725
88,ER_700_800_0.15_0,39,30.19763493537903
89,ER_700_800_0.15_28,39,30.000715255737305
90,ER_700_800_0.15_16,40,30.163017988204956
91,ER_700_800_0.15_1,38,30.05620765686035
92,ER_700_800_0.15_29,39,30.191396951675415
93,ER_700_800_0.15_8,39,30.033291816711426
94,ER_700_800_0.15_30,39,30.000693559646606
95,ER_700_800_0.15_20,39,30.000483512878418
96,ER_700_800_0.2_31,30,30.041428089141846
97,ER_700_800_0.2_21,30,30.00078821182251
98,ER_700_800_0.2_5,30,30.07209610939026
99,ER_700_800_0.2_28,30,30.081555366516113
100,ER_700_800_0.2_17,30,30.087924003601074
101,ER_700_800_0.2_29,30,30.16465950012207
102,ER_700_800_0.2_16,30,30.000057697296143
103,ER_700_800_0.2_20,30,30.13216805458069
104,ER_700_800_0.2_30,30,30.225908994674683
105,ER_700_800_0.2_4,31,30.276175260543823
106,ER_700_800_0.2_14,31,30.109282732009888
107,ER_700_800_0.2_6,32,30.040140867233276
108,ER_700_800_0.2_22,30,30.26617407798767
109,ER_700_800_0.2_7,31,30.000244617462158
110,ER_700_800_0.2_23,30,30.000352144241333
111,ER_700_800_0.2_15,31,30.03087282180786
112,ER_700_800_0.2_10,30,30.137345552444458
113,ER_700_800_0.2_19,30,30.000043869018555
114,ER_700_800_0.2_26,30,30.00009512901306
115,ER_700_800_0.2_2,31,30.001638650894165
116,ER_700_800_0.2_18,30,30.23702359199524
117,ER_700_800_0.2_27,30,30.000303030014038
118,ER_700_800_0.2_3,31,30.000080347061157
119,ER_700_800_0.2_11,30,30.06196165084839
120,ER_700_800_0.2_1,30,30.021393060684204
121,ER_700_800_0.2_25,30,30.12060856819153
122,ER_700_800_0.2_13,30,30.155686855316162
123,ER_700_800_0.2_8,30,30.08414101600647
124,ER_700_800_0.2_12,30,30.00003719329834
125,ER_700_800_0.2_9,30,30.084903478622437
126,ER_700_800_0.2_0,30,30.1316339969635
127,ER_700_800_0.2_24,30,30.00120520591736
