,Dataset Name,"Gurobi_warm batch_size=256, learning_rate=0.001, momentum=0.5, gamma=500, gamma_prime=1,  terms=three warm start at step 450 with random sample rate of 0.15 Solution Size","Gurobi_warm batch_size=256, learning_rate=0.001, momentum=0.5, gamma=500, gamma_prime=1,  terms=three warm start at step 2250 with random sample rate of 0.15 Solution Size","Gurobi_warm batch_size=256, learning_rate=0.001, momentum=0.5, gamma=500, gamma_prime=1,  terms=three warm start at step 4500 with random sample rate of 0.15 Solution Size","Gurobi_warm batch_size=256, learning_rate=0.001, momentum=0.5, gamma=500, gamma_prime=1,  terms=three warm start at step 6750 with random sample rate of 0.15 Solution Size","Gurobi_warm batch_size=256, learning_rate=0.001, momentum=0.5, gamma=500, gamma_prime=1,  terms=three warm start at step 9000 with random sample rate of 0.15 Solution Size","Gurobi_warm batch_size=256, learning_rate=0.001, momentum=0.5, gamma=500, gamma_prime=1,  terms=three warm start at step 11250 with random sample rate of 0.15 Solution Size","Gurobi_warm batch_size=256, learning_rate=0.001, momentum=0.5, gamma=500, gamma_prime=1,  terms=three warm start at step 13500 with random sample rate of 0.15 Solution Size","Gurobi_warm batch_size=256, learning_rate=0.001, momentum=0.5, gamma=500, gamma_prime=1,  terms=three warm start at step 15750 with random sample rate of 0.15 Solution Size","Gurobi_warm batch_size=256, learning_rate=0.001, momentum=0.5, gamma=500, gamma_prime=1,  terms=three warm start at step 18000 with random sample rate of 0.15 Solution Size","Gurobi_warm batch_size=256, learning_rate=0.001, momentum=0.5, gamma=500, gamma_prime=1,  terms=three warm start at step 20250 with random sample rate of 0.15 Solution Size","Gurobi_warm batch_size=256, learning_rate=0.001, momentum=0.5, gamma=500, gamma_prime=1,  terms=three warm start at step 22500 with random sample rate of 0.15 Solution Size","Gurobi_warm batch_size=256, learning_rate=0.001, momentum=0.5, gamma=500, gamma_prime=1,  terms=three warm start at step 24750 with random sample rate of 0.15 Solution Size","Gurobi_warm batch_size=256, learning_rate=0.001, momentum=0.5, gamma=500, gamma_prime=1,  terms=three warm start at step 27000 with random sample rate of 0.15 Solution Size","Gurobi_warm batch_size=256, learning_rate=0.001, momentum=0.5, gamma=500, gamma_prime=1,  terms=three warm start at step 29250 with random sample rate of 0.15 Solution Size","Gurobi_warm batch_size=256, learning_rate=0.001, momentum=0.5, gamma=500, gamma_prime=1,  terms=three warm start at step 31500 with random sample rate of 0.15 Solution Size","Gurobi_warm batch_size=256, learning_rate=0.001, momentum=0.5, gamma=500, gamma_prime=1,  terms=three warm start at step 33750 with random sample rate of 0.15 Solution Size","Gurobi_warm batch_size=256, learning_rate=0.001, momentum=0.5, gamma=500, gamma_prime=1,  terms=three warm start at step 36000 with random sample rate of 0.15 Solution Size","Gurobi_warm batch_size=256, learning_rate=0.001, momentum=0.5, gamma=500, gamma_prime=1,  terms=three warm start at step 38250 with random sample rate of 0.15 Solution Size","Gurobi_warm batch_size=256, learning_rate=0.001, momentum=0.5, gamma=500, gamma_prime=1,  terms=three warm start at step 40500 with random sample rate of 0.15 Solution Size","Gurobi_warm batch_size=256, learning_rate=0.001, momentum=0.5, gamma=500, gamma_prime=1,  terms=three warm start at step 42750 with random sample rate of 0.15 Solution Size","Gurobi_warm batch_size=256, learning_rate=0.001, momentum=0.5, gamma=500, gamma_prime=1,  terms=three warm start at step 45000 with random sample rate of 0.15 Solution Size","Gurobi_warm batch_size=256, learning_rate=0.001, momentum=0.5, gamma=500, gamma_prime=1,  terms=three warm start at step 47250 with random sample rate of 0.15 Solution Size","Gurobi_warm batch_size=256, learning_rate=0.001, momentum=0.5, gamma=500, gamma_prime=1,  terms=three warm start at step 49500 with random sample rate of 0.15 Solution Size","Gurobi_warm batch_size=256, learning_rate=0.001, momentum=0.5, gamma=500, gamma_prime=1,  terms=three warm start at step 51750 with random sample rate of 0.15 Solution Size","Gurobi_warm batch_size=256, learning_rate=0.001, momentum=0.5, gamma=500, gamma_prime=1,  terms=three warm start at step 54000 with random sample rate of 0.15 Solution Size","Gurobi_warm batch_size=256, learning_rate=0.001, momentum=0.5, gamma=500, gamma_prime=1,  terms=three warm start at step 56250 with random sample rate of 0.15 Solution Size","Gurobi_warm batch_size=256, learning_rate=0.001, momentum=0.5, gamma=500, gamma_prime=1,  terms=three warm start at step 58500 with random sample rate of 0.15 Solution Size","Gurobi_warm batch_size=256, learning_rate=0.001, momentum=0.5, gamma=500, gamma_prime=1,  terms=three warm start at step 60750 with random sample rate of 0.15 Solution Size","Gurobi_warm batch_size=256, learning_rate=0.001, momentum=0.5, gamma=500, gamma_prime=1,  terms=three warm start at step 63000 with random sample rate of 0.15 Solution Size","Gurobi_warm batch_size=256, learning_rate=0.001, momentum=0.5, gamma=500, gamma_prime=1,  terms=three warm start at step 65250 with random sample rate of 0.15 Solution Size","Gurobi_warm batch_size=256, learning_rate=0.001, momentum=0.5, gamma=500, gamma_prime=1,  terms=three warm start at step 67500 with random sample rate of 0.15 Solution Size","Gurobi_warm batch_size=256, learning_rate=0.001, momentum=0.5, gamma=500, gamma_prime=1,  terms=three warm start at step 450 with random sample rate of 0.15 Solution Time","Gurobi_warm batch_size=256, learning_rate=0.001, momentum=0.5, gamma=500, gamma_prime=1,  terms=three warm start at step 2250 with random sample rate of 0.15 Solution Time","Gurobi_warm batch_size=256, learning_rate=0.001, momentum=0.5, gamma=500, gamma_prime=1,  terms=three warm start at step 4500 with random sample rate of 0.15 Solution Time","Gurobi_warm batch_size=256, learning_rate=0.001, momentum=0.5, gamma=500, gamma_prime=1,  terms=three warm start at step 6750 with random sample rate of 0.15 Solution Time","Gurobi_warm batch_size=256, learning_rate=0.001, momentum=0.5, gamma=500, gamma_prime=1,  terms=three warm start at step 9000 with random sample rate of 0.15 Solution Time","Gurobi_warm batch_size=256, learning_rate=0.001, momentum=0.5, gamma=500, gamma_prime=1,  terms=three warm start at step 11250 with random sample rate of 0.15 Solution Time","Gurobi_warm batch_size=256, learning_rate=0.001, momentum=0.5, gamma=500, gamma_prime=1,  terms=three warm start at step 13500 with random sample rate of 0.15 Solution Time","Gurobi_warm batch_size=256, learning_rate=0.001, momentum=0.5, gamma=500, gamma_prime=1,  terms=three warm start at step 15750 with random sample rate of 0.15 Solution Time","Gurobi_warm batch_size=256, learning_rate=0.001, momentum=0.5, gamma=500, gamma_prime=1,  terms=three warm start at step 18000 with random sample rate of 0.15 Solution Time","Gurobi_warm batch_size=256, learning_rate=0.001, momentum=0.5, gamma=500, gamma_prime=1,  terms=three warm start at step 20250 with random sample rate of 0.15 Solution Time","Gurobi_warm batch_size=256, learning_rate=0.001, momentum=0.5, gamma=500, gamma_prime=1,  terms=three warm start at step 22500 with random sample rate of 0.15 Solution Time","Gurobi_warm batch_size=256, learning_rate=0.001, momentum=0.5, gamma=500, gamma_prime=1,  terms=three warm start at step 24750 with random sample rate of 0.15 Solution Time","Gurobi_warm batch_size=256, learning_rate=0.001, momentum=0.5, gamma=500, gamma_prime=1,  terms=three warm start at step 27000 with random sample rate of 0.15 Solution Time","Gurobi_warm batch_size=256, learning_rate=0.001, momentum=0.5, gamma=500, gamma_prime=1,  terms=three warm start at step 29250 with random sample rate of 0.15 Solution Time","Gurobi_warm batch_size=256, learning_rate=0.001, momentum=0.5, gamma=500, gamma_prime=1,  terms=three warm start at step 31500 with random sample rate of 0.15 Solution Time","Gurobi_warm batch_size=256, learning_rate=0.001, momentum=0.5, gamma=500, gamma_prime=1,  terms=three warm start at step 33750 with random sample rate of 0.15 Solution Time","Gurobi_warm batch_size=256, learning_rate=0.001, momentum=0.5, gamma=500, gamma_prime=1,  terms=three warm start at step 36000 with random sample rate of 0.15 Solution Time","Gurobi_warm batch_size=256, learning_rate=0.001, momentum=0.5, gamma=500, gamma_prime=1,  terms=three warm start at step 38250 with random sample rate of 0.15 Solution Time","Gurobi_warm batch_size=256, learning_rate=0.001, momentum=0.5, gamma=500, gamma_prime=1,  terms=three warm start at step 40500 with random sample rate of 0.15 Solution Time","Gurobi_warm batch_size=256, learning_rate=0.001, momentum=0.5, gamma=500, gamma_prime=1,  terms=three warm start at step 42750 with random sample rate of 0.15 Solution Time","Gurobi_warm batch_size=256, learning_rate=0.001, momentum=0.5, gamma=500, gamma_prime=1,  terms=three warm start at step 45000 with random sample rate of 0.15 Solution Time","Gurobi_warm batch_size=256, learning_rate=0.001, momentum=0.5, gamma=500, gamma_prime=1,  terms=three warm start at step 47250 with random sample rate of 0.15 Solution Time","Gurobi_warm batch_size=256, learning_rate=0.001, momentum=0.5, gamma=500, gamma_prime=1,  terms=three warm start at step 49500 with random sample rate of 0.15 Solution Time","Gurobi_warm batch_size=256, learning_rate=0.001, momentum=0.5, gamma=500, gamma_prime=1,  terms=three warm start at step 51750 with random sample rate of 0.15 Solution Time","Gurobi_warm batch_size=256, learning_rate=0.001, momentum=0.5, gamma=500, gamma_prime=1,  terms=three warm start at step 54000 with random sample rate of 0.15 Solution Time","Gurobi_warm batch_size=256, learning_rate=0.001, momentum=0.5, gamma=500, gamma_prime=1,  terms=three warm start at step 56250 with random sample rate of 0.15 Solution Time","Gurobi_warm batch_size=256, learning_rate=0.001, momentum=0.5, gamma=500, gamma_prime=1,  terms=three warm start at step 58500 with random sample rate of 0.15 Solution Time","Gurobi_warm batch_size=256, learning_rate=0.001, momentum=0.5, gamma=500, gamma_prime=1,  terms=three warm start at step 60750 with random sample rate of 0.15 Solution Time","Gurobi_warm batch_size=256, learning_rate=0.001, momentum=0.5, gamma=500, gamma_prime=1,  terms=three warm start at step 63000 with random sample rate of 0.15 Solution Time","Gurobi_warm batch_size=256, learning_rate=0.001, momentum=0.5, gamma=500, gamma_prime=1,  terms=three warm start at step 65250 with random sample rate of 0.15 Solution Time","Gurobi_warm batch_size=256, learning_rate=0.001, momentum=0.5, gamma=500, gamma_prime=1,  terms=three warm start at step 67500 with random sample rate of 0.15 Solution Time"
0,ER_700_800_0.15_47,40,40,40,43,41,40,42,40,41,41,40,40,41,40,40,39,42,40,41,42,41,41,41,40,41,42,41,40,39,43,42,30.062718152999878,30.061150074005127,30.393592834472656,30.35943293571472,30.077340126037598,30.268553972244263,30.093101024627686,30.089273929595947,30.082147121429443,30.360498905181885,30.091881036758423,30.18976092338562,30.073333024978638,30.32666015625,30.067121028900146,30.035162925720215,30.098346948623657,30.09294104576111,30.177007913589478,30.035494804382324,30.110063076019287,30.086577892303467,30.105170965194702,30.036256790161133,30.13294792175293,30.064402103424072,30.06290292739868,30.03935408592224,30.08242702484131,30.19648003578186,30.06680393218994
1,ER_700_800_0.15_57,39,41,40,40,40,40,41,41,41,41,41,39,40,41,42,40,40,41,41,40,40,41,41,40,42,39,40,40,40,40,39,30.0367329120636,30.099672079086304,30.165287971496582,30.022876024246216,30.07336711883545,30.036492824554443,30.041154861450195,30.03537392616272,30.083972930908203,30.284852027893066,30.058979988098145,30.082928895950317,30.050838947296143,30.14761710166931,30.354490995407104,30.310114860534668,30.28133511543274,30.297183990478516,30.092285871505737,30.031293153762817,30.10495901107788,30.09798789024353,30.45062804222107,30.23452591896057,30.33859086036682,30.209210872650146,30.148694038391113,30.138503074645996,30.08871817588806,30.11550498008728,30.1819851398468
2,ER_700_800_0.15_25,40,40,41,41,41,40,40,41,42,40,41,41,41,41,41,42,42,40,41,41,40,41,41,41,41,41,41,42,40,42,42,30.250940084457397,30.09699511528015,30.12866497039795,30.106549978256226,30.124976873397827,30.205407857894897,30.182403802871704,30.232192993164062,30.29828190803528,30.097718954086304,30.102777004241943,30.335542917251587,30.156195878982544,30.23033094406128,30.138450860977173,30.13993191719055,30.42768883705139,30.087029218673706,30.083368062973022,30.111009120941162,30.32948899269104,30.215688943862915,30.363651990890503,30.07203698158264,30.131214141845703,30.44634199142456,30.248887062072754,30.39456796646118,30.194833040237427,30.3892879486084,30.149635076522827
3,ER_700_800_0.15_102,41,40,44,42,42,40,42,40,41,40,40,41,41,41,41,41,42,42,41,42,41,42,41,41,42,41,41,42,40,41,43,30.209586143493652,30.356878995895386,30.192466020584106,30.094717025756836,30.165118932724,30.147910118103027,30.259148120880127,30.425588846206665,30.08615803718567,30.425611972808838,30.045942068099976,30.340933084487915,30.320636987686157,30.192852020263672,30.24315905570984,30.27858304977417,30.27712893486023,30.242592096328735,30.08816385269165,30.13777804374695,30.109567165374756,30.406784057617188,30.09094500541687,30.091336011886597,30.06581997871399,30.526593923568726,30.184855937957764,30.263000965118408,30.34376096725464,30.059179067611694,30.39251399040222
4,ER_700_800_0.15_35,40,39,40,39,41,39,40,40,40,41,40,41,40,40,39,39,39,39,39,42,39,41,41,40,39,42,40,41,39,40,40,30.156982898712158,30.292122840881348,30.445002794265747,30.666054010391235,30.066549062728882,30.05962896347046,30.33434510231018,30.03906488418579,30.376208066940308,30.342029094696045,30.380805015563965,30.04428195953369,30.586099863052368,30.4860999584198,30.24382519721985,30.173605918884277,30.052288055419922,30.25922393798828,30.049437999725342,30.2743239402771,30.283493041992188,30.11828088760376,30.221845149993896,30.032695055007935,30.042115926742554,30.13552498817444,30.129556894302368,30.31700897216797,30.607421875,30.04055690765381,30.248533010482788
5,ER_700_800_0.15_112,42,41,40,40,43,41,40,42,40,40,40,41,41,41,41,41,41,42,41,41,41,41,40,41,41,41,43,41,41,41,40,30.357900857925415,30.029715061187744,30.18747305870056,30.392450094223022,30.033733129501343,30.0332670211792,30.049969911575317,30.044166088104248,30.029927968978882,30.029666900634766,30.03507709503174,30.035120010375977,30.033286809921265,30.039807081222534,30.03321385383606,30.239135026931763,30.05393385887146,30.03285503387451,30.35815405845642,30.036930799484253,30.034405946731567,30.0260169506073,30.045082092285156,30.05030393600464,30.035277843475342,30.089813947677612,30.034049034118652,30.15209984779358,30.225104093551636,30.14561915397644,30.035257816314697
6,ER_700_800_0.15_78,40,39,42,40,41,41,39,40,42,42,41,41,42,41,41,41,42,41,42,39,41,41,40,42,41,40,41,41,40,39,39,30.41497015953064,30.033018112182617,30.03503918647766,30.293593883514404,30.040483951568604,30.03226590156555,30.21241307258606,30.296475887298584,30.038259983062744,30.397174835205078,30.628350973129272,30.03303098678589,30.054821014404297,30.21640706062317,30.036213874816895,30.035521030426025,30.03912091255188,30.034889936447144,30.0361909866333,30.039432048797607,30.03235387802124,30.03942608833313,30.041365146636963,30.065137147903442,30.03288698196411,30.047911882400513,30.583256006240845,30.02592182159424,30.366069078445435,30.32363200187683,30.039052963256836
7,ER_700_800_0.15_68,40,41,42,40,39,39,40,41,41,40,40,39,42,41,42,40,41,41,40,42,39,39,40,39,40,41,40,40,41,39,41,30.273435831069946,30.470366954803467,30.299882888793945,30.555526971817017,30.038992881774902,30.04734206199646,30.573739051818848,30.37035083770752,30.20360803604126,30.035742044448853,30.53999900817871,30.030967950820923,30.217748165130615,30.560307025909424,30.18410301208496,30.20453405380249,30.10914897918701,30.348473072052002,30.17182493209839,30.16916298866272,30.327297925949097,30.422055959701538,30.03927779197693,30.030501127243042,30.19362497329712,30.041295051574707,30.26029109954834,30.028185844421387,30.03218102455139,30.235701084136963,30.45124888420105
8,ER_700_800_0.15_85,41,41,39,40,40,40,41,38,39,41,41,39,40,41,39,40,39,40,41,39,39,39,38,41,39,40,41,39,39,40,41,30.04387593269348,30.167471885681152,30.03895115852356,30.370249032974243,30.071953058242798,30.03988289833069,30.03543496131897,30.040049076080322,30.042184829711914,30.210412979125977,30.05108618736267,30.076794862747192,30.08840298652649,30.085489988327026,30.07040500640869,30.150250911712646,30.15119504928589,30.078831911087036,30.471968173980713,30.91382908821106,30.142630100250244,30.481178045272827,30.04124116897583,30.41565489768982,30.27842092514038,30.126317977905273,30.117156982421875,30.094428062438965,30.43248677253723,30.038866996765137,30.04326319694519
9,ER_700_800_0.15_95,41,40,39,40,39,40,41,40,40,40,40,40,39,40,39,40,40,39,40,39,39,40,39,40,41,41,42,40,41,42,41,30.461827993392944,30.044161081314087,30.091695070266724,30.039788007736206,30.044941902160645,30.58313298225403,30.26256489753723,30.0358669757843,30.036881923675537,30.40231704711914,30.03435707092285,30.248836994171143,30.039829969406128,30.456323862075806,30.040525913238525,30.03858208656311,30.05910301208496,30.037604093551636,30.0368390083313,30.033674955368042,30.034151077270508,30.08952784538269,30.049985885620117,30.037459135055542,30.37394380569458,30.211992979049683,30.43762493133545,30.03552794456482,30.030569076538086,30.29585909843445,30.038002967834473
10,ER_700_800_0.15_124,42,41,42,41,42,41,40,41,41,42,41,40,41,42,41,41,41,41,43,43,40,42,40,41,41,41,42,43,40,42,40,30.033429861068726,30.0346200466156,30.035923957824707,30.03645396232605,30.03519606590271,30.03501319885254,30.26778817176819,30.041903018951416,30.11578607559204,30.033421993255615,30.02913498878479,30.22494912147522,30.02638602256775,30.10080313682556,30.039737939834595,30.03752589225769,30.111768007278442,30.03697395324707,30.03665781021118,30.178620100021362,30.02968192100525,30.035547971725464,30.223757028579712,30.155263900756836,30.03501009941101,30.032176971435547,30.120026111602783,30.259620189666748,30.039353847503662,30.032093048095703,30.039765119552612
11,ER_700_800_0.15_13,39,40,39,41,40,40,41,41,40,41,41,41,41,39,41,41,40,42,43,39,40,41,39,40,39,40,41,40,40,42,41,30.033469200134277,30.375667095184326,30.027246952056885,30.27980899810791,30.05016779899597,30.028925895690918,30.0382661819458,30.03621006011963,30.037083864212036,30.222051858901978,30.029104948043823,30.038737058639526,30.47827410697937,30.03360104560852,30.12891912460327,30.0316379070282,30.05680203437805,30.034868955612183,30.03500986099243,30.192350149154663,30.035683155059814,30.03826594352722,30.035748958587646,30.032215118408203,30.036077976226807,30.13345193862915,30.460476875305176,30.461758136749268,30.258257150650024,30.369295120239258,30.20661687850952
12,ER_700_800_0.15_4,42,41,41,42,41,41,41,40,40,41,41,39,41,40,42,40,42,41,40,42,40,41,41,40,41,42,41,42,40,40,41,30.28108787536621,30.12202787399292,30.21354603767395,30.032031059265137,30.1768159866333,30.047388076782227,30.31275987625122,30.046284914016724,30.07494878768921,30.038299083709717,30.033604860305786,30.047932147979736,30.044631004333496,30.231410026550293,30.284117937088013,30.16755199432373,30.437862157821655,30.04084300994873,30.041194915771484,30.036020040512085,30.051805019378662,30.20915699005127,30.03905701637268,30.040613889694214,30.385769844055176,30.07503390312195,30.154759883880615,30.027668952941895,30.08328604698181,30.08145499229431,30.038275003433228
13,ER_700_800_0.15_61,42,42,41,40,42,42,41,41,43,42,40,40,42,41,43,41,41,42,41,42,41,42,41,41,41,40,40,41,40,42,41,30.040436029434204,30.03347396850586,30.024837017059326,30.116743087768555,30.033514976501465,30.041990041732788,30.37925410270691,30.107215881347656,30.030416011810303,30.179574966430664,30.159306049346924,30.292755126953125,30.029987812042236,30.03644108772278,30.261221885681152,30.231296062469482,30.040360927581787,30.249387979507446,30.328039169311523,30.255938053131104,30.440945148468018,30.268532037734985,30.191771030426025,30.038964986801147,30.326586961746216,30.304901123046875,30.2296941280365,30.115257024765015,30.19797706604004,30.310700178146362,30.141145944595337
14,ER_700_800_0.15_71,39,40,40,41,40,40,43,39,40,41,41,42,41,39,40,40,40,40,40,41,40,41,40,39,42,39,43,39,40,41,41,30.060144901275635,30.042793035507202,30.041293144226074,30.161130905151367,30.042598009109497,30.038071155548096,30.031584978103638,30.03175401687622,30.04397201538086,30.027263164520264,30.40095615386963,30.040299892425537,30.03533411026001,30.034040212631226,30.28155779838562,30.352823972702026,30.043479204177856,30.313899993896484,30.506309032440186,30.111552000045776,30.219475030899048,30.038650035858154,30.03646993637085,30.20397710800171,30.23830795288086,30.234503030776978,30.041198015213013,30.207271814346313,30.034322023391724,30.029945850372314,30.420931816101074
15,ER_700_800_0.15_94,41,41,41,40,41,40,42,40,41,40,41,40,40,40,43,40,40,41,40,41,40,40,41,41,41,40,40,41,41,40,40,30.154824018478394,30.026644945144653,30.033030033111572,30.035704135894775,30.033746004104614,30.03168511390686,30.81477403640747,30.276444911956787,30.507192134857178,30.510257959365845,30.484652996063232,30.403975009918213,30.363635063171387,30.044649124145508,30.084157943725586,30.03726887702942,30.142526865005493,30.035696029663086,30.044692993164062,30.047250032424927,30.11408305168152,30.042420864105225,30.03296184539795,30.023399829864502,30.165072917938232,30.07346200942993,30.130120038986206,30.261852025985718,30.176093816757202,30.034130811691284,30.183988094329834
16,ER_700_800_0.15_84,41,41,41,41,41,40,40,41,42,42,40,40,41,42,39,41,41,41,41,40,42,41,41,43,41,42,42,41,43,41,42,30.034886121749878,30.02926802635193,30.029677867889404,30.04860806465149,30.024374961853027,30.028841972351074,30.04281997680664,30.417320013046265,30.099766969680786,30.03773593902588,30.044330835342407,30.342180967330933,30.542351961135864,30.351457118988037,30.307996034622192,30.421754837036133,30.409157037734985,30.20969295501709,30.028076887130737,30.03035306930542,30.05036211013794,30.033770084381104,30.030221939086914,30.027447938919067,30.022526025772095,30.026516914367676,30.035287857055664,30.294454097747803,30.0534451007843,30.03029203414917,30.028469800949097
17,ER_700_800_0.15_12,42,40,40,40,41,39,40,39,40,40,41,38,38,39,41,40,38,40,41,38,39,40,39,40,39,41,39,40,40,39,39,30.332273960113525,30.03382110595703,30.036396980285645,30.04408597946167,30.027199029922485,30.02706003189087,30.028761863708496,30.38542604446411,30.027067184448242,30.026976108551025,30.030582904815674,30.02855896949768,30.02601194381714,30.20121192932129,30.426889896392822,30.02723717689514,30.030995845794678,30.157870054244995,30.025089025497437,30.26584005355835,30.020328044891357,30.027199029922485,30.155858039855957,30.184611082077026,30.375777006149292,30.133240938186646,30.059340000152588,30.446797132492065,30.155328035354614,30.279623985290527,30.024192094802856
18,ER_700_800_0.15_125,42,41,44,42,44,41,43,42,42,43,41,41,41,42,41,44,41,42,41,42,43,41,44,41,43,44,42,42,44,41,43,30.02911686897278,30.291380882263184,30.142210960388184,30.02659296989441,30.025545835494995,30.02774691581726,30.02644395828247,30.60159683227539,30.027776956558228,30.024801015853882,30.155967950820923,30.104331016540527,30.023463010787964,30.02881622314453,30.02971911430359,30.03147006034851,30.03255009651184,30.02843403816223,30.023800134658813,30.222710132598877,30.175381898880005,30.361169815063477,30.027288913726807,30.46445894241333,30.03029990196228,30.096291065216064,30.02442693710327,30.030599117279053,30.0275719165802,30.024353981018066,30.282989025115967
19,ER_700_800_0.15_70,42,40,40,41,41,40,41,41,42,41,40,41,42,41,41,42,41,40,42,42,42,43,43,43,40,40,43,41,42,43,42,30.397991180419922,30.22103977203369,30.22611904144287,30.17021083831787,30.289188861846924,30.215972900390625,30.0298011302948,30.16121482849121,30.031183004379272,30.19763207435608,30.03156614303589,30.265790939331055,30.03236699104309,30.033581972122192,30.036892890930176,30.026485919952393,30.031517028808594,30.026171922683716,30.195518016815186,30.022881031036377,30.2344868183136,30.109816074371338,30.022433042526245,30.031134843826294,30.029279947280884,30.31339406967163,30.200217962265015,30.029918909072876,30.030837059020996,30.094289779663086,30.03275179862976
20,ER_700_800_0.15_60,42,40,41,40,40,40,40,41,40,41,40,40,41,42,40,41,40,40,41,40,40,40,40,41,42,41,41,40,41,40,40,30.780524015426636,30.193668127059937,30.227408170700073,30.195657968521118,30.168766975402832,30.23745083808899,30.322044134140015,30.04068398475647,30.19377303123474,30.335579872131348,30.392976999282837,30.38623595237732,30.045989990234375,30.056610107421875,30.04356598854065,30.21544098854065,30.300312042236328,30.036832809448242,30.02822494506836,30.20727300643921,30.184738159179688,30.032532930374146,30.441018104553223,30.026644945144653,30.29194188117981,30.025577068328857,30.036508083343506,30.503724813461304,30.032567024230957,30.37324094772339,30.290230989456177
21,ER_700_800_0.15_5,40,40,41,40,41,40,40,39,39,40,41,40,41,41,40,42,42,40,41,40,41,40,40,42,40,40,39,40,41,40,40,30.27409315109253,30.37477397918701,30.2255859375,30.070535898208618,30.028625965118408,30.154855012893677,30.302011013031006,30.18028998374939,30.387337923049927,30.271496057510376,30.171003818511963,30.302764892578125,30.22703194618225,30.225461959838867,30.19925308227539,30.258209943771362,30.360520124435425,30.38283920288086,30.307141065597534,30.027454137802124,30.19916605949402,30.474509954452515,30.330159187316895,30.239328861236572,30.32080101966858,30.334940910339355,30.30467987060547,30.252951860427856,30.03046703338623,30.036502838134766,30.238159894943237
22,ER_700_800_0.15_56,41,44,41,40,40,42,42,42,42,43,40,39,40,41,42,40,42,41,43,42,41,44,43,41,41,40,42,42,42,41,41,30.03650212287903,30.386255979537964,30.033015966415405,30.024957180023193,30.381054878234863,30.034321069717407,30.025229930877686,30.02618098258972,30.028017044067383,30.378201007843018,30.626094102859497,30.60401201248169,30.028908014297485,30.02080011367798,30.035851001739502,30.02429986000061,30.024451971054077,30.292489051818848,30.09676718711853,30.030612230300903,30.03084397315979,30.18179202079773,30.24044895172119,30.02730417251587,30.340801000595093,30.305198192596436,30.038400888442993,30.036237955093384,30.04679298400879,30.28084897994995,30.027596950531006
23,ER_700_800_0.15_46,41,41,40,41,42,40,40,40,40,40,41,40,39,41,41,40,40,41,40,39,41,41,40,42,41,41,41,41,41,41,43,30.308971881866455,30.192421913146973,30.04837203025818,30.033872842788696,30.081263065338135,30.409072875976562,30.067070960998535,30.033692836761475,30.408992052078247,30.317317962646484,30.767863988876343,30.262639045715332,30.31566596031189,30.07218599319458,30.063050031661987,30.041822910308838,30.22390604019165,30.223283052444458,30.262278079986572,30.283523082733154,30.336595058441162,30.152597188949585,30.024431943893433,30.353288173675537,30.438195943832397,30.030424118041992,30.024632215499878,30.373682975769043,30.296684980392456,30.348424911499023,30.219017028808594
24,ER_700_800_0.15_113,40,42,39,40,41,41,41,40,39,40,40,41,40,41,40,41,41,42,41,41,41,41,40,41,42,41,41,42,40,42,40,30.43217396736145,30.57327914237976,30.02616596221924,30.42559003829956,30.02643394470215,30.406596899032593,30.1507089138031,30.02476692199707,30.404712915420532,30.029271125793457,30.169928073883057,30.199072122573853,30.246461868286133,30.04473614692688,30.02965998649597,30.23463010787964,30.032166004180908,30.037163019180298,30.25198006629944,30.21732997894287,30.043860912322998,30.21806788444519,30.29130506515503,30.262060165405273,30.027297973632812,30.02865982055664,30.226533889770508,30.0535409450531,30.02570104598999,30.022055864334106,30.03264284133911
25,ER_700_800_0.15_34,39,42,39,40,40,41,41,41,41,42,41,42,39,40,40,40,41,41,39,40,40,42,41,41,40,40,44,41,41,42,40,30.180137157440186,30.1198091506958,30.2035391330719,30.128801107406616,30.028500080108643,30.195820093154907,30.210803985595703,30.102494955062866,30.402987957000732,30.128389835357666,30.36344814300537,30.055553913116455,30.29309606552124,30.329049825668335,30.47068691253662,30.30723214149475,30.53925585746765,30.320747137069702,30.21123194694519,30.303366899490356,30.444908142089844,30.302700996398926,30.347595930099487,30.115894079208374,30.141453981399536,30.27461290359497,30.15852689743042,30.258316040039062,30.187119960784912,30.236999034881592,30.36418104171753
26,ER_700_800_0.15_103,40,40,40,40,41,40,43,40,41,40,40,40,42,41,41,42,42,41,42,41,42,41,41,42,41,41,39,41,39,41,41,30.38232183456421,30.217293977737427,30.03254008293152,30.15254497528076,30.223809957504272,30.378155946731567,30.22503399848938,30.033215045928955,30.181118965148926,30.025511026382446,30.030333995819092,30.027480840682983,30.236528158187866,30.25045895576477,30.209585905075073,30.37069797515869,30.36756205558777,30.135759830474854,30.0468111038208,30.04489803314209,30.267030000686646,30.5294349193573,30.196422815322876,30.229562044143677,30.464143991470337,30.025377988815308,30.028852939605713,30.02286195755005,30.299927949905396,30.039124011993408,30.032241106033325
27,ER_700_800_0.15_24,42,40,40,40,40,41,40,43,40,42,40,41,41,39,41,41,40,40,40,40,40,40,40,41,42,40,41,41,41,42,40,30.05644392967224,30.211036920547485,30.0236918926239,30.033952951431274,30.191998958587646,30.12487506866455,30.26634693145752,30.318251132965088,30.027437925338745,30.15592384338379,30.38156294822693,30.142788887023926,30.037834882736206,30.166611909866333,30.33070683479309,30.022932052612305,30.28006100654602,30.053584098815918,30.35846781730652,30.306348085403442,30.03250288963318,30.036306142807007,30.033055067062378,30.035218000411987,30.034645080566406,30.025094985961914,30.033307790756226,30.116117000579834,30.2068510055542,30.03644895553589,30.030410051345825
28,ER_700_800_0.15_69,40,42,41,41,40,42,40,40,40,41,44,40,41,40,40,40,41,41,38,40,40,40,39,40,40,39,40,39,40,41,40,30.247281074523926,30.028167009353638,30.447612047195435,30.3370680809021,30.230260133743286,30.2991361618042,30.3242769241333,30.15974712371826,30.03328585624695,30.03707003593445,30.035439014434814,30.27662205696106,30.035819053649902,30.16719102859497,30.110265016555786,30.027937173843384,30.029582977294922,30.028366088867188,30.36543297767639,30.032254934310913,30.292412996292114,30.03256320953369,30.124923944473267,30.30379891395569,30.144317865371704,30.083189010620117,30.188977003097534,30.32298517227173,30.20174217224121,30.035302877426147,30.038639068603516
29,ER_700_800_0.15_79,42,41,42,41,42,41,40,41,42,42,41,41,43,40,41,40,40,41,42,44,43,40,42,41,41,40,41,42,42,44,41,30.02619981765747,30.149282932281494,30.032485008239746,30.461748838424683,30.337065935134888,30.276378870010376,30.022931814193726,30.237258911132812,30.02542281150818,30.023712873458862,30.302752017974854,30.32695484161377,30.03189206123352,30.030220985412598,30.301629066467285,30.026458978652954,30.42645287513733,30.033123016357422,30.499237060546875,30.193054914474487,30.20494508743286,30.142580032348633,30.203260898590088,30.21324610710144,30.39471197128296,30.327282905578613,30.02243399620056,30.020063161849976,30.318576097488403,30.264721870422363,30.4524929523468
30,ER_700_800_0.15_118,40,40,40,40,39,41,39,39,41,41,42,41,40,42,40,40,40,39,40,40,41,42,41,42,41,41,41,40,41,39,40,30.04250192642212,30.024301052093506,30.023871183395386,30.02523398399353,30.03180193901062,30.02814507484436,30.03047513961792,30.13222599029541,30.033607006072998,30.032603979110718,30.031457901000977,30.037799835205078,30.02751612663269,30.21097207069397,30.025471925735474,30.04175901412964,30.03162693977356,30.031418085098267,30.036499977111816,30.025037050247192,30.038873195648193,30.18520498275757,30.039605855941772,30.27152705192566,30.03456687927246,30.036357164382935,30.056042194366455,30.032894134521484,30.029743909835815,30.04565405845642,30.04112410545349
31,ER_700_800_0.15_108,40,40,42,39,39,40,42,41,40,42,42,40,42,41,41,40,41,41,43,40,42,40,41,40,42,42,41,42,42,43,40,30.220534801483154,30.494357109069824,30.229984045028687,30.282542943954468,30.44436001777649,30.441527843475342,30.613511085510254,30.03191304206848,30.210992097854614,30.181145906448364,30.16458296775818,30.28672695159912,30.23504400253296,30.39518904685974,30.431370973587036,30.32878303527832,30.290704011917114,30.320922136306763,30.273916006088257,30.434646129608154,30.178527116775513,30.239434957504272,30.176976919174194,30.33175301551819,30.44213080406189,30.27285885810852,30.439056158065796,30.260730981826782,30.39992594718933,30.233459949493408,30.18878197669983
32,ER_700_800_0.15_86,40,41,41,42,41,42,41,39,42,42,41,40,41,40,41,43,41,41,40,41,41,43,41,41,41,40,40,40,42,42,41,30.288760900497437,30.30691909790039,30.029132843017578,30.26098394393921,30.301653146743774,30.027482986450195,30.423923015594482,30.03053593635559,30.09814190864563,30.11168098449707,30.42134690284729,30.20942497253418,30.420558214187622,30.21802806854248,30.03097414970398,30.033497095108032,30.259243965148926,30.295795917510986,30.14001202583313,30.205376148223877,30.038524866104126,30.156437158584595,30.021010875701904,30.129323959350586,30.25823402404785,30.333364009857178,30.031791925430298,30.332154989242554,30.297028064727783,30.02692484855652,30.302577018737793
33,ER_700_800_0.15_96,39,40,40,40,40,42,41,40,39,41,41,40,40,40,40,40,40,41,41,39,41,40,41,42,42,42,41,41,40,41,41,30.302234888076782,30.207289934158325,30.38349199295044,30.231009006500244,30.301952838897705,30.225746154785156,30.347882986068726,30.07230305671692,30.26124095916748,30.23213481903076,30.361371994018555,30.342236042022705,30.44364905357361,30.38728618621826,30.02424907684326,30.354249000549316,30.11105704307556,30.46479892730713,30.319970846176147,30.21164894104004,30.032395839691162,30.028502941131592,30.336899995803833,30.039152145385742,30.29097294807434,30.566256999969482,30.358153820037842,30.434484004974365,30.23642611503601,30.14001703262329,30.03068208694458
34,ER_700_800_0.15_62,42,41,41,41,42,40,42,41,41,42,41,41,41,41,42,43,41,41,41,39,41,41,41,42,42,41,41,42,41,42,41,30.39914608001709,30.23522400856018,30.251099824905396,30.143033027648926,30.322941064834595,30.150424003601074,30.136023998260498,30.02086901664734,30.035771131515503,30.149527072906494,30.43609881401062,30.13611102104187,30.340255975723267,30.2013840675354,30.307750940322876,30.383551120758057,30.275365114212036,30.022194862365723,30.30327606201172,30.025917053222656,30.34322500228882,30.17997097969055,30.394393920898438,30.172404050827026,30.22728991508484,30.023545026779175,30.554598093032837,30.25795292854309,30.023974895477295,30.160261154174805,30.422955989837646
35,ER_700_800_0.15_72,42,41,40,41,39,41,40,42,41,41,42,39,42,42,40,42,41,41,40,40,40,41,43,41,42,40,40,41,40,42,40,30.2087721824646,30.385347843170166,30.03358292579651,30.035391092300415,30.024285793304443,30.033143043518066,30.03358292579651,30.02464008331299,30.157171964645386,30.037785053253174,30.026939868927002,30.175345182418823,30.030164003372192,30.02659583091736,30.024129152297974,30.026087999343872,30.02835488319397,30.02710795402527,30.0326030254364,30.031473875045776,30.02905011177063,30.217756032943726,30.047490119934082,30.037997007369995,30.02378487586975,30.039344787597656,30.024315118789673,30.0308358669281,30.030672073364258,30.027494192123413,30.030578136444092
36,ER_700_800_0.15_7,41,41,41,41,40,40,42,40,42,40,41,44,41,41,42,42,43,42,41,40,41,40,41,43,42,42,43,40,43,42,41,30.203933000564575,30.03107500076294,30.023507833480835,30.02645707130432,30.03527307510376,30.028249979019165,30.03093194961548,30.022773027420044,30.028207063674927,30.022616863250732,30.203041791915894,30.022836923599243,30.339219093322754,30.027374982833862,30.035598039627075,30.056121110916138,30.457733869552612,30.420866012573242,30.02311897277832,30.020898818969727,30.024041891098022,30.028244018554688,30.091169118881226,30.022140979766846,30.0380859375,30.041810989379883,30.181965827941895,30.482521057128906,30.149853229522705,30.309916973114014,30.091222047805786
37,ER_700_800_0.15_127,41,41,42,41,42,42,42,40,40,42,40,41,41,41,41,41,39,42,40,42,41,40,42,40,40,41,41,41,41,39,42,30.249284029006958,30.023802995681763,30.361702919006348,30.04850482940674,30.105744123458862,30.135441064834595,30.47710108757019,30.333170175552368,30.328590869903564,30.034626007080078,30.526036024093628,30.348912954330444,30.277613878250122,30.36741805076599,30.13384485244751,30.03514790534973,30.03103494644165,30.1803240776062,30.383509874343872,30.36854100227356,30.031766176223755,30.02229404449463,30.106203079223633,30.382066011428833,30.25299096107483,30.386807918548584,30.41154408454895,30.02557396888733,30.02386498451233,30.34581995010376,30.021530151367188
38,ER_700_800_0.15_10,40,40,40,41,41,41,40,40,41,41,41,40,41,40,41,40,42,41,42,40,40,41,41,40,40,40,41,39,41,42,41,30.026599168777466,30.32545495033264,30.031663179397583,30.02887511253357,30.03432607650757,30.343497037887573,30.02124309539795,30.03677988052368,30.156275033950806,30.03721785545349,30.32341504096985,30.06290602684021,30.052408933639526,30.351923942565918,30.218880891799927,30.027118921279907,30.296859979629517,30.103193998336792,30.036147117614746,30.029165029525757,30.33423900604248,30.031075954437256,30.271589040756226,30.136368989944458,30.30435800552368,30.39903211593628,30.036566972732544,30.028909921646118,30.2586669921875,30.04979395866394,30.322514057159424
39,ER_700_800_0.15_101,40,40,41,41,41,42,42,42,43,42,41,41,40,42,42,41,43,41,42,42,41,40,40,41,41,42,42,41,41,41,41,30.03115487098694,30.03223490715027,30.387683868408203,30.247707843780518,30.117017030715942,30.267779111862183,30.033294200897217,30.022428035736084,30.229151964187622,30.030233144760132,30.038196802139282,30.36623191833496,30.031256198883057,30.40277600288391,30.278086185455322,30.023734092712402,30.246099948883057,30.22767686843872,30.343940019607544,30.027711868286133,30.02324104309082,30.308501958847046,30.029258966445923,30.044123888015747,30.267000913619995,30.034332990646362,30.292654991149902,30.49054503440857,30.250237226486206,30.03619408607483,30.444988012313843
40,ER_700_800_0.15_26,40,39,39,40,40,39,39,39,39,39,40,39,39,41,39,40,40,38,39,39,39,39,39,40,39,40,40,40,41,38,40,30.057118892669678,30.02758288383484,30.038545846939087,30.034271955490112,30.031333923339844,30.029922008514404,30.048341035842896,30.046621084213257,30.031182050704956,30.027425050735474,30.02760910987854,30.03974199295044,30.025241136550903,30.047918796539307,30.023646116256714,30.02385687828064,30.0262770652771,30.026673078536987,30.027565956115723,30.02619695663452,30.022874116897583,30.041248083114624,30.028061866760254,30.032272815704346,30.030688047409058,30.027397871017456,30.028364896774292,30.303704023361206,30.028048038482666,30.026661157608032,30.02358102798462
41,ER_700_800_0.15_111,42,42,41,42,42,41,41,43,42,42,42,44,42,42,41,42,41,42,41,40,40,41,40,41,43,41,40,41,42,42,41,30.279700994491577,30.0413498878479,30.333471059799194,30.022276878356934,30.02568507194519,30.0306339263916,30.46171808242798,30.485459089279175,30.2773699760437,30.127710819244385,30.47299289703369,30.029235124588013,30.029967069625854,30.03809690475464,30.029872179031372,30.021339893341064,30.23977494239807,30.25817608833313,30.023357152938843,30.126802921295166,30.148151874542236,30.02688193321228,30.026716947555542,30.027604818344116,30.023324966430664,30.103487014770508,30.024370908737183,30.023283004760742,30.042229175567627,30.032706022262573,30.37378716468811
42,ER_700_800_0.15_36,40,41,42,40,41,41,42,43,41,41,40,40,41,41,42,41,41,43,41,42,41,41,41,42,41,41,40,41,41,42,40,30.02217197418213,30.390006065368652,30.038738012313843,30.083855152130127,30.174283027648926,30.469620943069458,30.336652040481567,30.249461889266968,30.11513590812683,30.02073097229004,30.235532999038696,30.02500009536743,30.272907972335815,30.024298191070557,30.139485836029053,30.49951696395874,30.021244049072266,30.027065992355347,30.15212917327881,30.021121978759766,30.297532081604004,30.297395944595337,30.273252964019775,30.02179217338562,30.023566007614136,30.02296805381775,30.250808000564575,30.020641088485718,30.430750846862793,30.05136799812317,30.429677963256836
43,ER_700_800_0.15_44,41,43,41,41,41,43,41,42,42,41,41,41,41,42,43,42,41,41,42,41,42,41,43,41,40,41,41,41,41,43,41,30.25177001953125,30.0298171043396,30.3112690448761,30.02541208267212,30.025541067123413,30.051479816436768,30.134321928024292,30.02254605293274,30.238189935684204,30.24923014640808,30.15411400794983,30.04605507850647,30.025289058685303,30.351757049560547,30.02394390106201,30.046627044677734,30.15040397644043,30.19964289665222,30.361111879348755,30.149142026901245,30.308440923690796,30.109198093414307,30.161696910858154,30.131790161132812,30.030066967010498,30.113022089004517,30.20640206336975,30.256706953048706,30.018558025360107,30.32873797416687,30.021163940429688
44,ER_700_800_0.15_54,40,42,40,42,42,41,42,42,42,40,41,42,41,41,43,40,40,41,41,43,42,41,40,41,43,41,44,40,42,41,41,30.043144941329956,30.02758288383484,30.030839920043945,30.024897813796997,30.38093090057373,30.170581102371216,30.485116004943848,30.026124954223633,30.160974979400635,30.52163600921631,30.030154943466187,30.13959002494812,30.258347988128662,30.27181386947632,30.022434949874878,30.028481006622314,30.404613971710205,30.026670932769775,30.449249982833862,30.026468992233276,30.025933027267456,30.31305193901062,30.147788047790527,30.05000400543213,30.028191089630127,30.026939868927002,30.353639125823975,30.033114910125732,30.04396891593933,30.032887935638428,30.219977855682373
45,ER_700_800_0.15_19,40,41,41,39,40,40,41,42,43,40,40,41,41,41,41,42,42,40,41,42,42,41,41,41,42,41,40,42,41,42,41,30.354522943496704,30.383710145950317,30.47773790359497,30.326069116592407,30.402586936950684,30.10467290878296,30.06550097465515,30.025541067123413,30.385581970214844,30.412455081939697,30.285511016845703,30.332247018814087,30.239850997924805,30.133913040161133,30.35995602607727,30.254775047302246,30.19730806350708,30.295082092285156,30.241371870040894,30.025420904159546,30.03166913986206,30.210189819335938,30.18181300163269,30.391183137893677,30.14346408843994,30.067068099975586,30.288443088531494,30.027141094207764,30.026893854141235,30.30064296722412,30.367970943450928
46,ER_700_800_0.15_37,41,40,41,40,41,42,43,41,40,39,40,40,42,41,41,41,42,40,40,41,40,40,41,40,42,42,40,42,40,40,41,30.036422967910767,30.239978075027466,30.102160930633545,30.123387098312378,30.111054182052612,30.46242094039917,30.028082847595215,30.234741926193237,30.284852981567383,30.34481406211853,30.10739016532898,30.303210020065308,30.362756967544556,30.469550132751465,30.1030330657959,30.091917991638184,30.03396987915039,30.176341772079468,30.173915147781372,30.209168910980225,30.362130880355835,30.026084184646606,30.326481103897095,30.12190318107605,30.029242992401123,30.031062126159668,30.469630002975464,30.34031891822815,30.17668914794922,30.200462818145752,30.216875791549683
47,ER_700_800_0.15_110,40,40,40,39,40,41,41,41,39,39,41,40,40,40,40,41,39,39,40,41,40,41,40,41,40,39,41,40,41,41,40,30.024924993515015,30.341315031051636,30.30826687812805,30.135540008544922,30.424072980880737,30.119171142578125,30.037590980529785,30.034915924072266,30.027256965637207,30.03159189224243,30.028960943222046,30.136471033096313,30.032320022583008,30.140630960464478,30.02820587158203,30.362238883972168,30.14665699005127,30.322996139526367,30.351834058761597,30.26456093788147,30.022904872894287,30.02362608909607,30.021914958953857,30.027806043624878,30.175071954727173,30.164024114608765,30.353749990463257,30.39309287071228,30.263898849487305,30.456156969070435,30.13625693321228
48,ER_700_800_0.15_27,39,41,41,40,41,42,40,41,40,42,43,42,41,42,42,40,41,41,40,40,40,40,41,40,40,41,42,41,41,41,41,30.20426297187805,30.02868390083313,30.11558198928833,30.028657913208008,30.025065898895264,30.021013021469116,30.032109022140503,30.0462589263916,30.102972984313965,30.29380989074707,30.02412986755371,30.03019690513611,30.206589937210083,30.0203959941864,30.02657198905945,30.283725023269653,30.206736087799072,30.13313889503479,30.030564069747925,30.02756381034851,30.032247066497803,30.030356884002686,30.02657985687256,30.027337074279785,30.025756120681763,30.030314922332764,30.02762198448181,30.027677059173584,30.02746081352234,30.022876024246216,30.02368998527527
49,ER_700_800_0.15_100,40,41,41,40,42,40,40,42,40,41,41,40,42,41,42,41,40,41,41,40,41,41,41,40,39,42,40,41,42,41,42,30.027045011520386,30.39037799835205,30.54173493385315,30.297935009002686,30.05288004875183,30.2737078666687,30.02867579460144,30.379881143569946,30.35295009613037,30.035184144973755,30.219412088394165,30.303560972213745,30.32373881340027,30.32518982887268,30.046891927719116,30.230491876602173,30.02497887611389,30.636188983917236,30.255682945251465,30.131228923797607,30.159746885299683,30.186327934265137,30.025232791900635,30.380615949630737,30.025333881378174,30.19216299057007,30.171957969665527,30.087073802947998,30.250717878341675,30.386904001235962,30.063308000564575
50,ER_700_800_0.15_55,42,41,41,41,42,41,40,42,42,40,40,41,42,40,40,40,41,39,40,41,41,41,40,42,40,41,40,40,40,43,41,30.0230450630188,30.019849061965942,30.026061058044434,30.02341914176941,30.029682159423828,30.023115158081055,30.28677797317505,30.031934022903442,30.0260648727417,30.14794087409973,30.092846155166626,30.128427028656006,30.02303194999695,30.126073122024536,30.145556211471558,30.089712142944336,30.02128291130066,30.212234020233154,30.126264095306396,30.031868934631348,30.02800416946411,30.03309416770935,30.02060103416443,30.033880949020386,30.346793174743652,30.028671979904175,30.029278993606567,30.275535821914673,30.360074043273926,30.29258394241333,30.024866819381714
51,ER_700_800_0.15_45,39,40,40,40,40,41,42,40,42,39,40,40,39,39,40,40,39,40,39,40,41,39,40,42,42,41,41,42,41,40,41,30.031074047088623,30.02469801902771,30.02680516242981,30.023344039916992,30.0255069732666,30.35958194732666,30.05085015296936,30.033118963241577,30.19919204711914,30.023336172103882,30.03375792503357,30.277271032333374,30.026503086090088,30.027039051055908,30.022997856140137,30.03237009048462,30.032712936401367,30.01911211013794,30.02181315422058,30.025274991989136,30.02542805671692,30.031852960586548,30.02947497367859,30.028467178344727,30.023525953292847,30.027967929840088,30.024260997772217,30.027768850326538,30.023475170135498,30.025853157043457,30.025614023208618
52,ER_700_800_0.15_18,42,41,42,41,41,40,40,43,41,42,41,41,42,42,41,41,42,42,42,42,42,41,40,42,42,41,42,42,41,41,41,30.283046007156372,30.351736068725586,30.512908935546875,30.0239839553833,30.246588945388794,30.248554944992065,30.02462100982666,30.244579076766968,30.022561073303223,30.029480934143066,30.021975994110107,30.022634983062744,30.446943998336792,30.133708953857422,30.055567979812622,30.02920889854431,30.021928787231445,30.259777069091797,30.022249937057495,30.387061834335327,30.021672010421753,30.63437509536743,30.025254011154175,30.385318994522095,30.4097101688385,30.024137020111084,30.026729106903076,30.193389892578125,30.131283044815063,30.379626035690308,30.265822887420654
53,ER_700_800_0.15_97,39,41,40,40,41,41,41,41,41,41,40,41,40,41,41,41,41,40,40,41,41,41,42,42,41,42,41,41,41,40,40,30.023319005966187,30.4207501411438,30.025177001953125,30.0276300907135,30.033014059066772,30.347012042999268,30.35264015197754,30.023998022079468,30.02828311920166,30.270496129989624,30.03069496154785,30.36310887336731,30.019464015960693,30.025043964385986,30.193044185638428,30.281287908554077,30.03609013557434,30.02854299545288,30.30506992340088,30.128360986709595,30.450340032577515,30.415619134902954,30.279190063476562,30.20653200149536,30.03983497619629,30.569743156433105,30.276643991470337,30.033549070358276,30.028353929519653,30.47286891937256,30.028950929641724
54,ER_700_800_0.15_87,41,40,39,40,41,41,42,40,39,42,42,40,42,40,41,41,41,41,42,42,43,39,40,41,41,40,42,39,40,40,40,30.029251098632812,30.028845071792603,30.058211088180542,30.29836082458496,30.022747039794922,30.02430009841919,30.022875785827637,30.029751777648926,30.028528928756714,30.294188976287842,30.29685401916504,30.387279987335205,30.033429861068726,30.433231115341187,30.0484299659729,30.02090096473694,30.02447199821472,30.221678972244263,30.030733108520508,30.023907899856567,30.030391216278076,30.02373695373535,30.35231590270996,30.026174068450928,30.060041904449463,30.02943205833435,30.121523141860962,30.02454400062561,30.20791792869568,30.02850103378296,30.026830911636353
55,ER_700_800_0.15_109,42,42,41,40,41,39,42,41,41,41,42,41,41,40,42,41,41,43,41,42,41,42,43,43,41,43,41,42,41,43,42,30.196494102478027,30.37781596183777,30.028547048568726,30.022336959838867,30.236724853515625,30.02854299545288,30.03662109375,30.50612187385559,30.375452995300293,30.264360904693604,30.329469919204712,30.167248010635376,30.317541122436523,30.18055009841919,30.08374285697937,30.307092905044556,30.477077960968018,30.020830869674683,30.123175144195557,30.026445150375366,30.540722131729126,30.023832082748413,30.46153688430786,30.027766942977905,30.151381015777588,30.453145027160645,30.502418994903564,30.046717882156372,30.405988216400146,30.085853099822998,30.201369047164917
56,ER_700_800_0.15_119,41,41,40,40,41,41,40,40,41,41,42,43,41,42,42,40,42,42,42,41,42,43,42,41,41,41,41,42,41,41,42,30.02671790122986,30.26791787147522,30.02473497390747,30.365679025650024,30.254739999771118,30.022415161132812,30.125761032104492,30.145079135894775,30.16306185722351,30.31929302215576,30.309963941574097,30.019728899002075,30.022804021835327,30.37247610092163,30.023952960968018,30.44311285018921,30.4214129447937,30.020973205566406,30.213953971862793,30.022252082824707,30.022825002670288,30.0223970413208,30.39052700996399,30.341742038726807,30.227767944335938,30.40033197402954,30.56563091278076,30.504710912704468,30.333655834197998,30.021613121032715,30.273292064666748
57,ER_700_800_0.15_6,40,41,41,42,42,42,40,42,44,42,42,40,41,42,42,42,41,42,42,40,41,42,42,40,41,42,42,41,41,41,42,30.023770093917847,30.40062689781189,30.032370805740356,30.365812063217163,30.027546882629395,30.1135470867157,30.216595888137817,30.4669291973114,30.03048300743103,30.022897958755493,30.02132511138916,30.251450061798096,30.0257670879364,30.336663007736206,30.127074003219604,30.0283420085907,30.522417783737183,30.019245147705078,30.02045488357544,30.026584148406982,30.02359104156494,30.26622700691223,30.542847871780396,30.438681840896606,30.42752695083618,30.023488998413086,30.095380067825317,30.1305890083313,30.27060604095459,30.0227370262146,30.02186393737793
58,ER_700_800_0.15_73,40,40,41,39,40,40,40,40,40,40,40,40,40,41,39,40,39,40,40,40,42,41,41,40,39,41,40,40,42,41,41,30.0225088596344,30.033010959625244,30.036503076553345,30.035881996154785,30.026267051696777,30.02281403541565,30.025043964385986,30.029024124145508,30.230329990386963,30.029868125915527,30.030061960220337,30.03253698348999,30.040475130081177,30.02565097808838,30.02777600288391,30.04875898361206,30.02451992034912,30.02638602256775,30.19669795036316,30.038917779922485,30.033506870269775,30.199247121810913,30.02649211883545,30.02726697921753,30.02419400215149,30.027618885040283,30.02784299850464,30.025701999664307,30.023375034332275,30.02527618408203,30.032093048095703
59,ER_700_800_0.15_63,41,41,40,41,42,40,40,41,42,42,42,41,40,42,41,41,42,41,41,42,42,41,41,41,42,41,41,44,42,42,41,30.039127826690674,30.028881072998047,30.178523063659668,30.199610948562622,30.03344702720642,30.11070990562439,30.031070947647095,30.20823884010315,30.25014901161194,30.063962936401367,30.03541398048401,30.031358003616333,30.03125500679016,30.1443350315094,30.074383974075317,30.03125810623169,30.19688892364502,30.394925117492676,30.02910304069519,30.02233600616455,30.030972003936768,30.028844118118286,30.278661012649536,30.026462078094482,30.030848026275635,30.02658700942993,30.024016857147217,30.025919914245605,30.020766019821167,30.023331880569458,30.387935161590576
60,ER_700_800_0.15_11,39,42,41,40,42,39,41,40,40,40,40,40,40,41,40,39,41,41,39,41,40,40,39,39,40,42,41,41,40,40,39,30.033047914505005,30.036835193634033,30.08868408203125,30.0274441242218,30.02903699874878,30.116119146347046,30.030328035354614,30.026153087615967,30.02853798866272,30.312072038650513,30.024847984313965,30.031187057495117,30.257771968841553,30.03221607208252,30.207009077072144,30.367503881454468,30.050718069076538,30.04352593421936,30.027496099472046,30.03500485420227,30.02929401397705,30.02635097503662,30.051694869995117,30.027470111846924,30.058234930038452,30.02315592765808,30.379351139068604,30.082550048828125,30.025535106658936,30.026240825653076,30.025852918624878
61,ER_700_800_0.15_126,42,39,42,42,41,40,40,43,41,41,42,42,40,42,42,42,42,41,41,41,41,42,40,42,42,40,40,41,42,41,41,30.02403998374939,30.030603170394897,30.292017936706543,30.175221920013428,30.02649998664856,30.165307998657227,30.02184510231018,30.04785418510437,30.031385898590088,30.026063919067383,30.022089958190918,30.04740023612976,30.03177785873413,30.053390979766846,30.02052402496338,30.17351007461548,30.11893391609192,30.03883981704712,30.179490089416504,30.029051065444946,30.024861812591553,30.02093505859375,30.0274760723114,30.303664922714233,30.021095037460327,30.16600489616394,30.09422016143799,30.11064100265503,30.157554149627686,30.021484851837158,30.0195050239563
62,ER_700_800_0.15_3,40,41,43,41,40,40,41,42,41,41,40,40,41,41,41,40,40,41,40,40,40,40,43,42,41,40,40,42,41,42,41,30.02729606628418,30.39584493637085,30.02625584602356,30.03576111793518,30.025892972946167,30.030627012252808,30.03228497505188,30.026394844055176,30.021923780441284,30.05057716369629,30.034747838974,30.028631925582886,30.240761041641235,30.028828859329224,30.02394413948059,30.02954387664795,30.028136014938354,30.03061604499817,30.03501009941101,30.216734170913696,30.03135585784912,30.02909517288208,30.02858591079712,30.042492151260376,30.0310959815979,30.020620107650757,30.024346828460693,30.145992040634155,30.02548599243164,30.158267974853516,30.03167486190796
63,ER_700_800_0.15_66,40,39,41,42,41,40,41,42,41,40,40,42,42,40,43,41,41,40,40,43,40,41,40,40,41,40,40,40,41,41,41,30.02977180480957,30.022184133529663,30.027907133102417,30.024966955184937,30.018352031707764,30.02377986907959,30.028411149978638,30.02345585823059,30.02588701248169,30.02498507499695,30.204954862594604,30.119140148162842,30.026284217834473,30.024394989013672,30.021770000457764,30.030911922454834,30.368898153305054,30.028661966323853,30.022565841674805,30.022629976272583,30.022596836090088,30.35091495513916,30.18774914741516,30.024035215377808,30.02305817604065,30.02675485610962,30.034350872039795,30.02662992477417,30.17171001434326,30.02421808242798,30.027530908584595
64,ER_700_800_0.15_76,41,41,41,42,41,39,40,40,41,41,40,41,40,40,41,41,42,41,41,41,40,42,41,41,42,40,41,41,40,41,41,30.336200952529907,30.21162700653076,30.227407932281494,30.19326400756836,30.28369402885437,30.201301097869873,30.022450923919678,30.133799076080322,30.160075902938843,30.027837991714478,30.043827056884766,30.09157109260559,30.295274019241333,30.238313913345337,30.27977204322815,30.219324827194214,30.2939670085907,30.254786014556885,30.14822006225586,30.17746615409851,30.391239166259766,30.31321883201599,30.087279796600342,30.38340187072754,30.18447995185852,30.252094984054565,30.023234128952026,30.2209370136261,30.123472929000854,30.078831911087036,30.099259853363037
65,ER_700_800_0.15_123,39,41,40,41,41,42,40,41,42,42,42,43,43,41,42,42,41,42,41,41,41,39,41,41,41,43,41,41,40,40,42,30.025334119796753,30.022794008255005,30.021473169326782,30.024023056030273,30.02086901664734,30.022749185562134,30.02677083015442,30.026329040527344,30.02015495300293,30.022444009780884,30.021990060806274,30.056725025177002,30.02471113204956,30.021703958511353,30.02510690689087,30.021054983139038,30.020699977874756,30.02085590362549,30.020915985107422,30.030885934829712,30.02497100830078,30.02078604698181,30.024002075195312,30.038107872009277,30.0393488407135,30.019529819488525,30.02065896987915,30.14346194267273,30.02106785774231,30.023823022842407,30.049301147460938
66,ER_700_800_0.15_14,40,40,41,41,41,43,40,41,40,40,40,41,39,40,41,40,41,41,40,40,41,42,41,40,42,42,40,41,41,42,41,30.02128577232361,30.027824878692627,30.029499053955078,30.01775312423706,30.021844148635864,30.026843070983887,30.028754949569702,30.027651071548462,30.032469034194946,30.022753953933716,30.02686882019043,30.02479314804077,30.030155897140503,30.02833914756775,30.0242600440979,30.04663395881653,30.041181087493896,30.036121129989624,30.02246117591858,30.031506061553955,30.04113507270813,30.02614402770996,30.031598806381226,30.13212299346924,30.031316995620728,30.024778127670288,30.02808904647827,30.02349090576172,30.02653193473816,30.03692078590393,30.042638063430786
67,ER_700_800_0.15_59,40,39,41,40,41,40,40,41,42,39,41,42,42,41,42,40,40,43,42,41,42,43,41,41,42,40,40,40,43,41,40,30.276907920837402,30.2812180519104,30.025073051452637,30.28205895423889,30.051136016845703,30.112518072128296,30.214653968811035,30.19799304008484,30.13016104698181,30.105865001678467,30.233021020889282,30.054275035858154,30.02625584602356,30.0873601436615,30.180701971054077,30.335138082504272,30.10175395011902,30.144342184066772,30.306082010269165,30.227411031723022,30.103825092315674,30.286750078201294,30.128407955169678,30.208922147750854,30.022084951400757,30.02851104736328,30.233471870422363,30.221261024475098,30.024548053741455,30.039731979370117,30.027159214019775
68,ER_700_800_0.15_49,41,41,41,42,42,42,41,42,42,41,43,41,44,42,40,42,42,43,42,42,42,41,41,43,41,43,43,42,41,41,40,30.037490129470825,30.46380305290222,30.179316997528076,30.282488107681274,30.019304990768433,30.046888828277588,30.186892986297607,30.023653984069824,30.021838188171387,30.022013902664185,30.03567099571228,30.04570508003235,30.217505931854248,30.0220308303833,30.067176818847656,30.02689003944397,30.276919841766357,30.07001805305481,30.021164894104004,30.02373695373535,30.034198999404907,30.158143997192383,30.042446851730347,30.378334999084473,30.03275990486145,30.021992921829224,30.181596994400024,30.15109896659851,30.308763027191162,30.073412895202637,30.268043994903564
69,ER_700_800_0.15_82,43,41,40,40,43,41,40,41,41,40,41,41,42,42,41,41,41,41,40,40,41,43,41,41,42,43,41,43,41,39,40,30.022490978240967,30.026268005371094,30.029743909835815,30.20464015007019,30.0741229057312,30.18610692024231,30.29555606842041,30.39434790611267,30.15492296218872,30.211106061935425,30.36522102355957,30.021317958831787,30.340996980667114,30.24971294403076,30.02369213104248,30.278909921646118,30.414024114608765,30.155226945877075,30.034124851226807,30.02888512611389,30.240233182907104,30.32680082321167,30.03344988822937,30.170207977294922,30.150184154510498,30.181393146514893,30.459385871887207,30.021451950073242,30.389060974121094,30.45663094520569,30.400233030319214
70,ER_700_800_0.15_92,40,42,40,40,40,40,42,41,42,41,42,40,42,41,43,42,41,43,41,42,41,43,42,41,41,41,41,41,40,41,42,30.026936054229736,30.03110694885254,30.269724130630493,30.57570791244507,30.022856950759888,30.03560209274292,30.142663955688477,30.033979892730713,30.02575993537903,30.173274993896484,30.423068046569824,30.041377067565918,30.17832612991333,30.39543390274048,30.250606060028076,30.019623041152954,30.214020013809204,30.022536993026733,30.044515132904053,30.036776065826416,30.36436414718628,30.27647089958191,30.401432991027832,30.030954122543335,30.17049288749695,30.288774967193604,30.17743492126465,30.204983949661255,30.128079175949097,30.18342113494873,30.41459584236145
71,ER_700_800_0.15_22,41,40,41,39,44,41,40,42,41,43,41,40,41,42,41,41,42,44,42,41,40,41,42,44,42,41,41,41,41,41,42,30.512397050857544,30.043580055236816,30.235953092575073,30.025003910064697,30.086700916290283,30.19095492362976,30.343894004821777,30.03059983253479,30.03011989593506,30.31194806098938,30.397403955459595,30.358054876327515,30.231189012527466,30.02864384651184,30.023092031478882,30.062891006469727,30.029124975204468,30.02267098426819,30.554547786712646,30.431915998458862,30.223917961120605,30.57527184486389,30.330118894577026,30.44106388092041,30.181498050689697,30.0258948802948,30.26509714126587,30.2433180809021,30.162633180618286,30.022758960723877,30.024701833724976
72,ER_700_800_0.15_105,41,40,40,40,39,39,40,40,40,41,40,39,40,41,40,40,42,41,42,42,39,40,42,40,41,40,40,40,40,39,40,30.70669412612915,30.163881063461304,30.330315113067627,30.394451141357422,30.02485990524292,30.111594915390015,30.24797511100769,30.167320013046265,30.02465295791626,30.029191970825195,30.47013807296753,30.02644419670105,30.02910804748535,30.526247024536133,30.121304988861084,30.025562047958374,30.02485704421997,30.026476860046387,30.15976095199585,30.026769876480103,30.0260648727417,30.128150939941406,30.409032106399536,30.177457809448242,30.346771955490112,30.021542072296143,30.024786949157715,30.484697103500366,30.05000901222229,30.278605937957764,30.027315139770508
73,ER_700_800_0.15_32,41,40,40,42,41,42,42,41,42,40,41,40,43,42,42,41,41,41,41,42,43,43,42,42,40,41,42,42,41,40,42,30.174665927886963,30.02528715133667,30.153214931488037,30.024274826049805,30.270693063735962,30.030473947525024,30.02170205116272,30.239917993545532,30.081494092941284,30.376978874206543,30.22719693183899,30.02381706237793,30.18294382095337,30.022639989852905,30.34140419960022,30.475669145584106,30.018539905548096,30.023293018341064,30.367799043655396,30.179231882095337,30.01852512359619,30.02565288543701,30.02494502067566,30.022377014160156,30.2759370803833,30.36622714996338,30.066884994506836,30.31248712539673,30.20978307723999,30.0241539478302,30.020039081573486
74,ER_700_800_0.15_115,41,41,40,42,42,43,41,41,41,42,42,41,40,42,42,42,42,42,42,42,41,42,42,41,41,43,42,41,40,41,43,30.021541118621826,30.25060510635376,30.27930498123169,30.36724591255188,30.103573083877563,30.022088050842285,30.450756072998047,30.018205881118774,30.56341791152954,30.18430805206299,30.020790100097656,30.123684883117676,30.0343279838562,30.21149516105652,30.121891975402832,30.024099111557007,30.02295184135437,30.034940004348755,30.309998035430908,30.02105689048767,30.22425889968872,30.15241503715515,30.205915927886963,30.229951858520508,30.219743013381958,30.125914096832275,30.1878080368042,30.288530826568604,30.332133054733276,30.03862500190735,30.282578945159912
75,ER_700_800_0.15_40,42,42,41,40,39,40,42,42,40,42,41,41,42,40,41,40,38,41,42,40,41,41,41,39,40,40,40,41,39,42,40,30.024683952331543,30.10153102874756,30.347756147384644,30.025629997253418,30.024476051330566,30.022804021835327,30.025239944458008,30.169310092926025,30.026216983795166,30.021650075912476,30.034034967422485,30.026871919631958,30.02766704559326,30.061524152755737,30.021345138549805,30.022473096847534,30.027416944503784,30.026777029037476,30.028836965560913,30.028151035308838,30.02626395225525,30.02875590324402,30.02484107017517,30.027095794677734,30.060163021087646,30.025326013565063,30.028698205947876,30.022539138793945,30.23532199859619,30.12053608894348,30.02358388900757
76,ER_700_800_0.15_50,41,40,42,41,40,40,39,44,41,41,41,40,42,42,40,42,42,42,41,43,41,41,41,41,42,41,40,42,41,41,42,30.01971697807312,30.01874613761902,30.022030115127563,30.27488112449646,30.210166931152344,30.288055896759033,30.018229961395264,30.268370866775513,30.429291009902954,30.1452898979187,30.144350051879883,30.317436933517456,30.024346828460693,30.020773887634277,30.02558708190918,30.028728008270264,30.06304383277893,30.020478010177612,30.023615837097168,30.050528049468994,30.293050050735474,30.031237840652466,30.105676889419556,30.31673002243042,30.242517948150635,30.30569887161255,30.020442008972168,30.37048316001892,30.046892881393433,30.023718118667603,30.021177053451538
77,ER_700_800_0.15_114,42,39,40,39,41,41,41,41,41,40,42,41,41,40,41,40,40,41,41,42,41,41,41,41,42,41,40,41,41,40,42,30.025425910949707,30.09373903274536,30.027520895004272,30.025131940841675,30.027715921401978,30.028463125228882,30.27691388130188,30.022447109222412,30.284146070480347,30.028433799743652,30.027225971221924,30.137131929397583,30.025131940841675,30.021022081375122,30.305341005325317,30.206012964248657,30.025567054748535,30.029247045516968,30.026525020599365,30.066205978393555,30.023579120635986,30.02558207511902,30.104238986968994,30.02685785293579,30.02710509300232,30.27431893348694,30.042416095733643,30.02537989616394,30.356764793395996,30.023852825164795,30.02971601486206
78,ER_700_800_0.15_33,39,43,43,42,40,41,40,41,41,40,40,40,40,43,40,40,39,40,40,41,40,42,40,40,42,41,40,42,40,41,40,30.427162885665894,30.150787115097046,30.112814903259277,30.153510808944702,30.035414934158325,30.38823890686035,30.314892053604126,30.215972185134888,30.02328610420227,30.02636408805847,30.03089690208435,30.02096390724182,30.030324935913086,30.33480405807495,30.086359977722168,30.029720067977905,30.03168797492981,30.022361040115356,30.02429699897766,30.033468008041382,30.051213026046753,30.420790910720825,30.365135192871094,30.424678087234497,30.03264307975769,30.040467977523804,30.2413969039917,30.230322122573853,30.060468912124634,30.108523845672607,30.03883194923401
79,ER_700_800_0.15_104,41,42,41,41,41,40,41,40,41,39,41,41,40,40,40,41,41,41,41,40,41,40,41,40,42,41,41,40,40,42,39,30.75224494934082,30.03627610206604,30.25153398513794,30.42452311515808,30.7501220703125,30.025694131851196,30.047091960906982,30.343251943588257,30.144142150878906,30.247264862060547,30.48000717163086,30.291343927383423,30.031383991241455,30.675029039382935,30.027321100234985,30.234636068344116,30.026994943618774,30.025755882263184,30.18343710899353,30.224211931228638,30.219429969787598,30.03478693962097,30.44931697845459,30.443636894226074,30.026834964752197,30.02474093437195,30.48052406311035,30.03011703491211,30.032562017440796,30.200695037841797,30.028409004211426
80,ER_700_800_0.15_23,41,41,40,41,43,41,41,42,41,41,40,41,42,40,42,42,42,42,41,41,40,41,42,42,42,41,42,42,42,41,41,30.578059911727905,30.022249937057495,30.252672910690308,30.613094091415405,30.113401174545288,30.022093057632446,30.30823016166687,30.469133138656616,30.2170889377594,30.197597980499268,30.154391050338745,30.42103910446167,30.021878957748413,30.169199228286743,30.156229972839355,30.14027190208435,30.20496392250061,30.286297082901,30.285073041915894,30.02407717704773,30.01863193511963,30.35407590866089,30.119268894195557,30.219446182250977,30.023369073867798,30.24247717857361,30.021086931228638,30.114513158798218,30.172924995422363,30.02324891090393,30.243355989456177
81,ER_700_800_0.15_51,42,42,42,42,42,43,41,41,40,42,42,41,42,42,41,44,41,40,41,40,41,41,41,40,42,42,42,42,41,41,42,30.025882959365845,30.118416786193848,30.028464794158936,30.026301860809326,30.320343017578125,30.22015380859375,30.021310091018677,30.023739099502563,30.223225116729736,30.19996404647827,30.16786003112793,30.026350021362305,30.13779902458191,30.030078172683716,30.026834964752197,30.021043062210083,30.025012969970703,30.020910024642944,30.039788007736206,30.089797019958496,30.02171015739441,30.022414922714233,30.025518894195557,30.028825998306274,30.02450394630432,30.328261137008667,30.72293710708618,30.021338939666748,30.02291703224182,30.02056384086609,30.025084018707275
82,ER_700_800_0.15_41,42,42,41,41,40,42,39,41,41,43,41,40,41,41,41,39,39,41,40,41,42,40,41,40,41,41,40,40,41,40,39,30.410074949264526,30.28500199317932,30.520658016204834,30.155030965805054,30.580039978027344,30.136250019073486,30.71085476875305,30.022078037261963,30.363641023635864,30.252044916152954,30.109267950057983,30.4012131690979,30.024714946746826,30.237027883529663,30.027873039245605,30.163866996765137,30.018810987472534,30.140331029891968,30.146310091018677,30.30656909942627,30.029637098312378,30.055192947387695,30.36867094039917,30.165030002593994,30.247408866882324,30.28591799736023,30.041996955871582,30.174227952957153,30.52935814857483,30.26448917388916,30.23647689819336
83,ER_700_800_0.15_77,43,42,42,43,42,43,42,44,43,41,41,42,41,41,43,43,43,43,43,42,42,42,41,40,41,41,41,42,41,42,44,30.020795822143555,30.02028512954712,30.029377937316895,30.1874418258667,30.34831714630127,30.11444878578186,30.020087957382202,30.200166940689087,30.02609610557556,30.02941584587097,30.03273105621338,30.266085147857666,30.024625062942505,30.0266170501709,30.18926215171814,30.029474020004272,30.03936195373535,30.024708032608032,30.23478388786316,30.038646936416626,30.50103187561035,30.030427932739258,30.0293288230896,30.028726816177368,30.138904094696045,30.116981983184814,30.02757477760315,30.025798082351685,30.215973138809204,30.223642110824585,30.026253938674927
84,ER_700_800_0.15_67,41,41,42,41,42,41,42,42,41,42,40,43,43,43,41,41,41,42,42,42,41,42,41,42,43,41,41,41,42,41,41,30.099014043807983,30.03364396095276,30.023645162582397,30.316059112548828,30.26061487197876,30.077594995498657,30.421555995941162,30.02695608139038,30.22701096534729,30.028986930847168,30.028669834136963,30.02483606338501,30.029052019119263,30.247934103012085,30.026647806167603,30.070148944854736,30.024757146835327,30.13719606399536,30.041663885116577,30.027162075042725,30.038509130477905,30.03108310699463,30.271716117858887,30.234395027160645,30.248735904693604,30.022595167160034,30.193187952041626,30.178194046020508,30.033996105194092,30.18856692314148,30.216418981552124
85,ER_700_800_0.15_2,41,41,41,42,42,40,41,41,41,42,42,41,41,42,41,42,42,44,42,41,41,42,41,41,41,41,41,40,41,41,42,30.020927906036377,30.215704917907715,30.02538013458252,30.286752939224243,30.0558180809021,30.022598028182983,30.027962923049927,30.04766011238098,30.23995804786682,30.019706964492798,30.160343885421753,30.207731008529663,30.029525995254517,30.028441905975342,30.03672981262207,30.026713848114014,30.02469801902771,30.02301001548767,30.43695902824402,30.028983116149902,30.04343891143799,30.026710987091064,30.49581003189087,30.049011945724487,30.246647119522095,30.027808904647827,30.391890048980713,30.02863597869873,30.34954595565796,30.030488967895508,30.04481291770935
86,ER_700_800_0.15_15,40,41,40,40,41,40,39,41,40,41,42,41,40,40,41,41,41,42,42,42,41,41,40,41,40,41,41,43,40,42,40,30.032011032104492,30.020269870758057,30.028006076812744,30.027312994003296,30.023105144500732,30.200557947158813,30.02427887916565,30.220432996749878,30.025131940841675,30.024883031845093,30.02601194381714,30.21595811843872,30.19374918937683,30.02251696586609,30.02885103225708,30.032404899597168,30.028958082199097,30.024850130081177,30.086595058441162,30.157401084899902,30.021443128585815,30.02331018447876,30.027211904525757,30.26963996887207,30.02641797065735,30.20078706741333,30.361151933670044,30.329624891281128,30.2020161151886,30.25069808959961,30.2688729763031
87,ER_700_800_0.15_122,41,39,42,39,43,41,42,41,40,40,40,42,41,44,40,41,40,42,41,40,41,43,41,43,40,43,40,39,42,39,41,30.024254083633423,30.052323818206787,30.030066967010498,30.0278639793396,30.157181978225708,30.251883029937744,30.2520911693573,30.02777910232544,30.035699129104614,30.26155400276184,30.028491973876953,30.02483606338501,30.02227020263672,30.226619005203247,30.21543598175049,30.028259992599487,30.187227964401245,30.262026071548462,30.603775024414062,30.030066967010498,30.49450397491455,30.70751118659973,30.24337100982666,30.216098070144653,30.140238046646118,30.026278018951416,30.21000099182129,30.025392055511475,30.02211594581604,30.608887910842896,30.027490854263306
88,ER_700_800_0.15_48,40,40,41,41,40,42,40,41,40,41,41,41,41,40,39,41,41,41,41,40,40,41,42,40,42,42,40,43,41,40,42,30.037174940109253,30.03979802131653,30.185877799987793,30.226569175720215,30.4112331867218,30.033715963363647,30.043898820877075,30.37659788131714,30.204145193099976,30.33781099319458,30.5001540184021,30.197105884552002,30.257893800735474,30.024279832839966,30.03003692626953,30.273149013519287,30.236217975616455,30.388023138046265,30.029941082000732,30.499307870864868,30.169182062149048,30.02699112892151,30.471081972122192,30.322705030441284,30.227089166641235,30.208287954330444,30.226258993148804,30.268160820007324,30.38290500640869,30.3581759929657,30.338560104370117
89,ER_700_800_0.15_58,41,41,40,41,41,41,41,40,42,41,41,41,40,42,40,40,40,40,41,42,41,41,41,42,40,41,42,41,43,41,41,30.445490837097168,30.183228969573975,30.251800060272217,30.269598960876465,30.265785932540894,30.20047879219055,30.4450900554657,30.26746106147766,30.544957160949707,30.626079082489014,30.035709142684937,30.037880897521973,30.022147178649902,30.038527011871338,30.021461009979248,30.185796976089478,30.02446413040161,30.022986888885498,30.250119924545288,30.412225008010864,30.023108959197998,30.12856101989746,30.04529094696045,30.22895121574402,30.160193920135498,30.442003965377808,30.227016925811768,30.184639930725098,30.11520504951477,30.17041516304016,30.157392978668213
90,ER_700_800_0.15_93,41,40,39,39,40,41,40,40,39,41,40,40,39,41,39,41,40,40,41,41,42,39,42,41,42,40,41,40,41,40,42,30.168665170669556,30.024722814559937,30.282226085662842,30.02397084236145,30.02287197113037,30.26762104034424,30.04214096069336,30.22584104537964,30.022160053253174,30.025691986083984,30.02427315711975,30.022626161575317,30.023699045181274,30.36348795890808,30.442110061645508,30.263866901397705,30.02372908592224,30.026748180389404,30.20211696624756,30.024341821670532,30.167471885681152,30.022520065307617,30.315258979797363,30.2564959526062,30.02606511116028,30.023669958114624,30.102025032043457,30.0235538482666,30.3025541305542,30.32946515083313,30.028682947158813
91,ER_700_800_0.15_83,40,42,41,43,42,40,41,41,43,42,41,42,42,41,41,41,42,41,41,42,44,41,41,40,40,42,41,41,42,41,41,30.022709846496582,30.020994901657104,30.166917085647583,30.1093111038208,30.02578592300415,30.02139687538147,30.153157949447632,30.2050621509552,30.023590087890625,30.02047085762024,30.132744073867798,30.28535795211792,30.021593809127808,30.304933071136475,30.0274817943573,30.022690057754517,30.032514095306396,30.02395009994507,30.35606813430786,30.226050853729248,30.045862197875977,30.164411783218384,30.028557062149048,30.25119400024414,30.4326651096344,30.022210121154785,30.02445888519287,30.26392412185669,30.02448606491089,30.225917100906372,30.184828996658325
92,ER_700_800_0.15_9,40,41,39,39,39,40,39,40,40,39,38,40,40,39,40,41,39,39,40,39,40,40,42,39,39,40,41,42,38,39,39,30.026988983154297,30.019891023635864,30.027204990386963,30.022414207458496,30.021185874938965,30.027751922607422,30.147576808929443,30.025883197784424,30.1788649559021,30.02193784713745,30.305553913116455,30.026437044143677,30.01921010017395,30.035599946975708,30.02169895172119,30.03490400314331,30.025392055511475,30.023128986358643,30.028796911239624,30.02841806411743,30.028446912765503,30.02666211128235,30.023845911026,30.023854970932007,30.021476984024048,30.042665004730225,30.025957822799683,30.021132946014404,30.023006916046143,30.023895978927612,30.023253917694092
93,ER_700_800_0.15_43,39,41,40,41,42,40,40,39,40,39,41,40,39,41,40,39,40,41,40,41,39,40,41,40,41,40,40,42,40,40,41,30.365617036819458,30.193998098373413,30.30734896659851,30.25951313972473,30.227257013320923,30.355738878250122,30.259006023406982,30.32900094985962,30.145479917526245,30.08387303352356,30.219778060913086,30.29082703590393,30.184025049209595,30.368440866470337,30.025398015975952,30.12021517753601,30.330291986465454,30.27221179008484,30.406014919281006,30.235139846801758,30.179505109786987,30.126749992370605,30.191025972366333,30.14769697189331,30.246104955673218,30.324525117874146,30.15470004081726,30.266602993011475,30.45702600479126,30.135964155197144,30.258081912994385
94,ER_700_800_0.15_53,41,40,45,40,40,42,40,40,41,40,41,40,41,42,40,42,40,41,40,44,40,41,41,40,40,42,41,40,41,40,41,30.46189594268799,30.03603196144104,30.02664303779602,30.46614694595337,30.026732921600342,30.44712495803833,30.021218061447144,30.538708925247192,30.451747179031372,30.270357131958008,30.025520086288452,30.161314964294434,30.50527787208557,30.193058967590332,30.03099799156189,30.474206924438477,30.26027512550354,30.27925205230713,30.54960298538208,30.164427042007446,30.394551992416382,30.133829832077026,30.500268936157227,30.192646026611328,30.02194118499756,30.437873125076294,30.260096073150635,30.49589991569519,30.06383514404297,30.37941312789917,30.23393416404724
95,ER_700_800_0.15_106,39,42,40,41,41,42,40,40,41,42,40,40,39,40,40,40,40,41,40,42,41,40,40,41,40,40,40,41,41,40,40,30.023749113082886,30.02587103843689,30.181344032287598,30.026285886764526,30.024996042251587,30.044492959976196,30.018317222595215,30.024199962615967,30.028215885162354,30.02681303024292,30.02279782295227,30.131700038909912,30.021883964538574,30.028654098510742,30.026172876358032,30.024259090423584,30.021370887756348,30.027410984039307,30.12890601158142,30.26270079612732,30.187087059020996,30.121883869171143,30.028265953063965,30.075502157211304,30.104076147079468,30.02430009841919,30.143590927124023,30.029983043670654,30.021550178527832,30.176522970199585,30.022263050079346
96,ER_700_800_0.15_21,41,38,39,39,41,40,40,39,40,40,40,42,40,39,40,42,42,42,41,41,40,42,41,41,42,41,42,41,42,41,41,30.02227520942688,30.046891927719116,30.027149200439453,30.022446870803833,30.022032022476196,30.022620916366577,30.02401900291443,30.021708965301514,30.021826028823853,30.025157928466797,30.02097797393799,30.15499997138977,30.02545404434204,30.026136875152588,30.023394107818604,30.036741971969604,30.022035121917725,30.018783807754517,30.025268077850342,30.02676796913147,30.035959005355835,30.24998903274536,30.0237820148468,30.02140784263611,30.281049966812134,30.024812936782837,30.022644996643066,30.026168823242188,30.023865938186646,30.020318031311035,30.02123188972473
97,ER_700_800_0.15_116,41,41,40,41,41,41,40,41,39,40,40,40,39,40,41,40,40,40,42,40,41,40,40,40,41,40,40,40,40,40,40,30.280274152755737,30.101886987686157,30.0383939743042,30.366486072540283,30.19454288482666,30.181325912475586,30.287853002548218,30.24210500717163,30.02643895149231,30.23012089729309,30.283656120300293,30.20988392829895,30.0224289894104,30.26650094985962,30.254698991775513,30.349931955337524,30.13404893875122,30.174741983413696,30.022191047668457,30.126151084899902,30.024297952651978,30.16571307182312,30.02201199531555,30.09825301170349,30.15889596939087,30.236629009246826,30.021094799041748,30.028815984725952,30.131914854049683,30.15447497367859,30.08893084526062
98,ER_700_800_0.15_31,42,41,40,41,41,42,41,42,42,43,43,42,41,43,41,42,41,43,41,43,43,41,42,40,41,41,42,42,41,41,43,30.0434250831604,30.158499002456665,30.023893117904663,30.025918006896973,30.28491997718811,30.082576990127563,30.023443937301636,30.152538061141968,30.260268926620483,30.122915029525757,30.200561046600342,30.315953016281128,30.04301118850708,30.031269073486328,30.209812879562378,30.317424058914185,30.044404983520508,30.160369157791138,30.182281017303467,30.214715003967285,30.02214789390564,30.13235592842102,30.1631920337677,30.104408979415894,30.02724599838257,30.343308925628662,30.33510684967041,30.022048950195312,30.249068021774292,30.10065007209778,30.335050106048584
99,ER_700_800_0.15_98,41,41,41,42,40,40,41,41,42,41,41,41,42,40,43,41,42,42,41,41,40,40,41,41,40,42,42,40,41,41,40,30.331942081451416,30.019634008407593,30.02096915245056,30.049803972244263,30.038184881210327,30.092918157577515,30.110759019851685,30.037937879562378,30.224354028701782,30.027177095413208,30.428876876831055,30.04035496711731,30.20985198020935,30.03566813468933,30.02944803237915,30.022033214569092,30.26140594482422,30.02893304824829,30.267913103103638,30.070884943008423,30.43547797203064,30.329413175582886,30.02784514427185,30.24345302581787,30.02622413635254,30.17055606842041,30.02251386642456,30.37596583366394,30.286473989486694,30.05031180381775,30.354870080947876
100,ER_700_800_0.15_88,41,40,41,40,40,39,39,41,42,40,41,42,40,40,40,40,41,40,40,41,40,40,42,40,40,41,40,40,40,40,42,30.026696920394897,30.195868015289307,30.20152497291565,30.403866052627563,30.022792100906372,30.20890998840332,30.334914922714233,30.186900854110718,30.025760889053345,30.49778985977173,30.433734893798828,30.021917819976807,30.027936935424805,30.02114486694336,30.276628971099854,30.246093034744263,30.365231037139893,30.191190004348755,30.237159967422485,30.192880153656006,30.129271030426025,30.220387935638428,30.195003986358643,30.01937508583069,30.26345705986023,30.021806001663208,30.226418018341064,30.308104991912842,30.16871190071106,30.394526958465576,30.077800989151
101,ER_700_800_0.15_120,42,41,40,40,42,40,41,42,41,41,41,40,39,40,42,41,42,42,40,40,42,40,41,41,40,41,41,41,40,41,43,30.09930181503296,30.025233030319214,30.025402069091797,30.1472430229187,30.025182962417603,30.027410984039307,30.026875019073486,30.126868963241577,30.033705949783325,30.03569483757019,30.05137801170349,30.031836986541748,30.24866008758545,30.314414024353027,30.030497074127197,30.023980855941772,30.07563805580139,30.023582935333252,30.023663997650146,30.24380922317505,30.022022008895874,30.03611707687378,30.034419059753418,30.09410810470581,30.02619981765747,30.0395188331604,30.029374837875366,30.026632070541382,30.025691986083984,30.031381130218506,30.025315046310425
102,ER_700_800_0.15_17,39,39,40,40,39,40,39,39,38,40,39,41,40,39,39,39,40,40,41,41,41,39,39,39,39,42,41,39,40,39,40,30.22231411933899,30.18313503265381,30.02154278755188,30.082420110702515,30.03098201751709,30.026365041732788,30.354575872421265,30.08703589439392,30.147106885910034,30.187317848205566,30.034152030944824,30.045471906661987,30.049371004104614,30.02217411994934,30.023290872573853,30.263892889022827,30.19763493537903,30.115499019622803,30.031188011169434,30.200429916381836,30.03701686859131,30.032649993896484,30.030298948287964,30.021745204925537,30.02311897277832,30.03186583518982,30.470879077911377,30.285099029541016,30.11538600921631,30.024085998535156,30.02348303794861
103,ER_700_800_0.15_65,39,42,42,41,41,41,40,41,40,41,42,40,42,41,42,41,42,41,41,43,40,42,42,40,39,42,41,40,42,42,42,30.417613983154297,30.019418001174927,30.09745192527771,30.025443077087402,30.179173946380615,30.02498197555542,30.049551963806152,30.02461004257202,30.03180503845215,30.034482955932617,30.033951997756958,30.233591079711914,30.023855924606323,30.021662950515747,30.022325038909912,30.233587980270386,30.092975854873657,30.024136066436768,30.26893711090088,30.022397994995117,30.021063089370728,30.191757917404175,30.03018617630005,30.336861848831177,30.02583384513855,30.04969310760498,30.271273136138916,30.110974073410034,30.400285005569458,30.32885503768921,30.023960828781128
104,ER_700_800_0.15_75,40,41,40,42,40,41,41,39,41,41,40,40,40,41,41,41,42,40,41,40,42,41,41,41,40,41,42,41,42,42,42,30.292633056640625,30.110622882843018,30.209216117858887,30.02517008781433,30.39374303817749,30.314440965652466,30.134887218475342,30.224045991897583,30.125604152679443,30.20426106452942,30.020516872406006,30.02416491508484,30.31998085975647,30.354888200759888,30.274127960205078,30.113919973373413,30.029088020324707,30.26534914970398,30.093914031982422,30.154348134994507,30.175843954086304,30.108086109161377,30.30024003982544,30.46155309677124,30.215773105621338,30.198599100112915,30.369534015655518,30.37471103668213,30.3578519821167,30.276947021484375,30.045687913894653
105,ER_700_800_0.15_0,42,40,42,41,41,40,42,40,40,40,41,40,42,42,40,40,41,41,42,42,40,42,43,42,40,41,40,40,42,41,42,30.029210805892944,30.240636110305786,30.023157835006714,30.024293184280396,30.024773120880127,30.655478954315186,30.02391791343689,30.331812143325806,30.032742977142334,30.029667139053345,30.02908492088318,30.020684003829956,30.025434970855713,30.332271814346313,30.027600049972534,30.027101039886475,30.399333000183105,30.177858114242554,30.024746894836426,30.024977922439575,30.024996042251587,30.194581985473633,30.024199962615967,30.022629022598267,30.019808053970337,30.02539587020874,30.02857995033264,30.163551092147827,30.324382066726685,30.02983283996582,30.026374101638794
106,ER_700_800_0.15_38,41,38,41,40,41,41,41,41,41,40,41,42,41,42,40,41,41,40,42,41,42,39,41,41,40,43,41,43,41,40,43,30.02047109603882,30.02567195892334,30.02575182914734,30.021339893341064,30.24881911277771,30.030133962631226,30.323546886444092,30.02970314025879,30.038203954696655,30.0396409034729,30.251850128173828,30.030093908309937,30.22591805458069,30.042639017105103,30.252495050430298,30.023142099380493,30.02452301979065,30.027951955795288,30.028565883636475,30.025519132614136,30.020363092422485,30.135993003845215,30.388140201568604,30.361457109451294,30.045102834701538,30.02936100959778,30.02252197265625,30.537634134292603,30.428988933563232,30.020754098892212,30.275667905807495
107,ER_700_800_0.15_28,42,40,41,41,40,42,41,43,42,40,41,41,40,41,42,40,41,40,40,41,41,41,41,41,40,40,42,41,42,41,41,30.02485704421997,30.14411497116089,30.019973039627075,30.22824192047119,30.02375602722168,30.028328895568848,30.312182903289795,30.073150157928467,30.05866003036499,30.2011239528656,30.163933038711548,30.29301691055298,30.02395796775818,30.358434915542603,30.02794599533081,30.19220209121704,30.02314305305481,30.02340006828308,30.120248794555664,30.392930030822754,30.128075122833252,30.027793884277344,30.183173179626465,30.150601863861084,30.02762484550476,30.023174047470093,30.111632108688354,30.02962899208069,30.025872230529785,30.019402027130127,30.01956295967102
108,ER_700_800_0.15_81,41,42,41,40,41,40,40,41,42,40,40,41,40,40,40,41,40,40,40,39,42,41,41,40,42,42,41,41,41,41,42,30.022037029266357,30.059210062026978,30.120208024978638,30.075615167617798,30.070895195007324,30.302522897720337,30.163492918014526,30.019358158111572,30.042516946792603,30.025236129760742,30.125030040740967,30.383960962295532,30.211697101593018,30.129672050476074,30.132735013961792,30.024999141693115,30.280021905899048,30.39570903778076,30.371859073638916,30.213035106658936,30.027111053466797,30.03121304512024,30.356022834777832,30.112332105636597,30.235853910446167,30.02751088142395,30.023921012878418,30.03388810157776,30.36902689933777,30.42239809036255,30.30690312385559
109,ER_700_800_0.15_91,42,40,42,40,39,42,40,41,41,40,39,40,40,41,42,40,41,40,42,41,40,41,40,41,40,41,41,41,40,41,40,30.03040599822998,30.03182101249695,30.029212951660156,30.033159017562866,30.028790950775146,30.162081956863403,30.03176498413086,30.030651092529297,30.029222011566162,30.03429102897644,30.039056062698364,30.052928924560547,30.025283098220825,30.020884037017822,30.025520086288452,30.022801160812378,30.022764921188354,30.023433923721313,30.02814483642578,30.024307012557983,30.032848119735718,30.02650809288025,30.02679204940796,30.03584122657776,30.038135051727295,30.033053874969482,30.03031086921692,30.03305220603943,30.03045392036438,30.324912071228027,30.040205001831055
110,ER_700_800_0.15_16,42,41,41,41,42,40,41,42,41,41,42,42,41,41,42,42,43,42,40,41,41,41,41,42,41,39,42,41,41,41,42,30.046300172805786,30.030077934265137,30.02324390411377,30.19943904876709,30.027990102767944,30.027674198150635,30.023091077804565,30.028193950653076,30.033515214920044,30.099463939666748,30.027599096298218,30.02114200592041,30.365198135375977,30.319902181625366,30.237905979156494,30.021408796310425,30.021416902542114,30.039713859558105,30.31241011619568,30.19589591026306,30.05791711807251,30.020766973495483,30.027036905288696,30.156766891479492,30.38918709754944,30.0590078830719,30.022073984146118,30.21250891685486,30.446659803390503,30.031441926956177,30.023422956466675
111,ER_700_800_0.15_121,39,41,40,39,40,41,40,41,41,40,40,40,40,40,41,40,40,42,40,41,41,42,41,40,41,42,43,39,42,41,41,30.13097906112671,30.16631317138672,30.01960301399231,30.16248893737793,30.03122305870056,30.235808849334717,30.108813047409058,30.244879007339478,30.31279993057251,30.201576948165894,30.087543964385986,30.053468942642212,30.277832984924316,30.22012186050415,30.02283501625061,30.074656009674072,30.02077007293701,30.018450021743774,30.026710033416748,30.02423119544983,30.208657026290894,30.323693990707397,30.32555103302002,30.22542905807495,30.19238519668579,30.10229206085205,30.1817409992218,30.36655902862549,30.02497100830078,30.02465581893921,30.176201820373535
112,ER_700_800_0.15_1,40,41,42,42,42,43,41,42,41,41,43,40,41,42,41,42,43,42,40,42,41,41,43,42,41,40,41,41,42,41,42,30.03362011909485,30.311609029769897,30.093472957611084,30.024205207824707,30.304460048675537,30.234198808670044,30.262338876724243,30.285404920578003,30.02667808532715,30.114819049835205,30.196231842041016,30.019229888916016,30.35096788406372,30.39230513572693,30.023274898529053,30.22739887237549,30.18795895576477,30.14914107322693,30.029026985168457,30.363986015319824,30.49007797241211,30.13152003288269,30.25508999824524,30.275328874588013,30.301613092422485,30.02526593208313,30.02291488647461,30.02680802345276,30.278116941452026,30.024540901184082,30.027002096176147
113,ER_700_800_0.15_74,41,39,40,42,43,40,41,40,41,40,40,41,41,40,41,40,39,43,40,39,41,43,40,40,41,40,40,40,41,40,40,30.030606985092163,30.023255109786987,30.322398900985718,30.026247024536133,30.032951831817627,30.020071983337402,30.020629167556763,30.313946962356567,30.295939922332764,30.363295078277588,30.17921805381775,30.02644395828247,30.02138900756836,30.027721881866455,30.02484679222107,30.024465084075928,30.04074501991272,30.0325129032135,30.153500080108643,30.02485203742981,30.31657886505127,30.240832090377808,30.020370960235596,30.023465871810913,30.168066024780273,30.121246099472046,30.23196005821228,30.02140998840332,30.023030042648315,30.019450902938843,30.02178192138672
114,ER_700_800_0.15_64,39,42,41,41,41,41,41,40,40,40,43,41,41,39,40,41,40,41,40,40,41,41,39,40,41,41,42,42,41,41,40,30.211452960968018,30.32158589363098,30.029911041259766,30.1287739276886,30.17503309249878,30.233094930648804,30.138703107833862,30.1239070892334,30.028748989105225,30.026105165481567,30.027082204818726,30.017794847488403,30.019101858139038,30.043188095092773,30.269239902496338,30.02497887611389,30.025030851364136,30.022459983825684,30.024323225021362,30.02596378326416,30.023092031478882,30.019618034362793,30.01865792274475,30.022727966308594,30.020143032073975,30.02353596687317,30.269458055496216,30.030920028686523,30.377650022506714,30.03263807296753,30.02550721168518
115,ER_700_800_0.15_90,40,39,39,41,40,40,40,40,41,39,40,41,39,40,41,39,41,40,39,40,41,41,40,40,40,40,42,41,41,40,39,30.04708504676819,30.027145862579346,30.24576187133789,30.310683965682983,30.02849292755127,30.02030301094055,30.02643084526062,30.173419952392578,30.02225613594055,30.023242950439453,30.02342915534973,30.025297164916992,30.02658200263977,30.021875143051147,30.134918928146362,30.021004915237427,30.181397199630737,30.021041870117188,30.19509983062744,30.163259983062744,30.509687900543213,30.145219087600708,30.13093900680542,30.170789003372192,30.291259050369263,30.2461359500885,30.025427103042603,30.245620012283325,30.178059101104736,30.02469301223755,30.307926177978516
116,ER_700_800_0.15_80,43,42,41,40,43,42,40,42,43,41,40,41,41,41,41,42,42,40,40,42,41,42,41,42,42,42,42,42,44,43,43,30.14256501197815,30.375141143798828,30.032454013824463,30.023239850997925,30.02235698699951,30.33660316467285,30.031090021133423,30.327351093292236,30.022150993347168,30.024878978729248,30.02804207801819,30.144023180007935,30.168762922286987,30.35804581642151,30.19164490699768,30.199318885803223,30.22896409034729,30.192031860351562,30.22193694114685,30.12356996536255,30.23925518989563,30.02997589111328,30.03689408302307,30.1655330657959,30.02306294441223,30.179805040359497,30.14207696914673,30.073436975479126,30.104543924331665,30.02585196495056,30.3160080909729
117,ER_700_800_0.15_29,41,41,40,40,41,40,41,41,41,43,40,41,41,40,40,41,42,44,41,41,42,40,40,39,40,40,41,40,41,42,40,30.031370162963867,30.076442003250122,30.082335948944092,30.234966039657593,30.055480003356934,30.166198015213013,30.248845100402832,30.19440507888794,30.230791091918945,30.20724391937256,30.087671995162964,30.03515100479126,30.208774089813232,30.099390029907227,30.24540901184082,30.040884017944336,30.023584127426147,30.029771089553833,30.07690691947937,30.24423098564148,30.028661012649536,30.08399200439453,30.098015785217285,30.168148040771484,30.12735891342163,30.038004875183105,30.379260063171387,30.170675039291382,30.353479862213135,30.387946844100952,30.705376863479614
118,ER_700_800_0.15_39,41,40,41,41,39,41,43,41,41,41,41,42,42,40,42,40,41,40,41,41,43,42,41,42,43,41,40,42,41,42,40,30.0226309299469,30.026674032211304,30.02781391143799,30.046218156814575,30.38373613357544,30.193794012069702,30.09903597831726,30.221510887145996,30.02759599685669,30.03757119178772,30.026143074035645,30.023056983947754,30.02869415283203,30.03178381919861,30.0472891330719,30.027915000915527,30.118309020996094,30.02550196647644,30.026736974716187,30.03297996520996,30.027662992477417,30.294870138168335,30.062708854675293,30.028289079666138,30.025035858154297,30.026867151260376,30.050148010253906,30.022650957107544,30.024621963500977,30.0263569355011,30.023861169815063
119,ER_700_800_0.15_8,42,41,41,42,41,42,41,40,41,41,42,41,41,41,41,42,40,43,41,40,43,40,40,40,43,41,42,40,43,42,42,30.034147024154663,30.02380895614624,30.023531913757324,30.02506399154663,30.023972988128662,30.02757692337036,30.02673602104187,30.22145414352417,30.025858879089355,30.031837940216064,30.02443504333496,30.058351039886475,30.027881860733032,30.269941091537476,30.027702808380127,30.0229709148407,30.031437158584595,30.116419076919556,30.0264949798584,30.022735834121704,30.104721784591675,30.147892951965332,30.10711693763733,30.022914171218872,30.02684712409973,30.200037002563477,30.019961833953857,30.450448036193848,30.02691102027893,30.030111074447632,30.022659063339233
120,ER_700_800_0.15_52,41,40,41,40,40,41,40,40,41,41,40,41,41,40,41,41,39,41,40,40,40,42,40,40,39,40,39,42,39,41,40,30.140496969223022,30.453593015670776,30.054720878601074,30.0306658744812,30.2294979095459,30.194538831710815,30.132915019989014,30.185767889022827,30.063978910446167,30.06667399406433,30.28564214706421,30.188465118408203,30.21259617805481,30.02487802505493,30.031634092330933,30.27675199508667,30.139846086502075,30.024024963378906,30.025861978530884,30.024996995925903,30.246479034423828,30.028121948242188,30.180181980133057,30.111509799957275,30.203598022460938,30.021075963974,30.14583706855774,30.032264947891235,30.020905017852783,30.138293981552124,30.243651866912842
121,ER_700_800_0.15_42,43,42,42,41,42,42,41,41,41,42,41,40,41,41,41,42,41,41,40,42,41,41,41,40,41,41,40,41,43,42,41,30.025529146194458,30.2260000705719,30.02325201034546,30.02141785621643,30.125269889831543,30.231390953063965,30.021607160568237,30.022572994232178,30.102348804473877,30.35016107559204,30.095865964889526,30.227665901184082,30.221734046936035,30.0818989276886,30.02706503868103,30.133730173110962,30.2811279296875,30.024827003479004,30.02533197402954,30.46107006072998,30.276056051254272,30.023115158081055,30.240025997161865,30.02146005630493,30.204638957977295,30.022491931915283,30.023860931396484,30.10695505142212,30.023480892181396,30.35744285583496,30.143414974212646
122,ER_700_800_0.15_89,41,43,41,40,40,42,41,42,42,41,41,40,40,42,40,41,41,41,41,41,42,40,40,41,42,41,40,41,41,41,42,30.218214988708496,30.11628484725952,30.02588987350464,30.11251211166382,30.272876024246216,30.146284818649292,30.193470001220703,30.024231910705566,30.40142297744751,30.181259870529175,30.10172200202942,30.239840984344482,30.02072501182556,30.18994903564453,30.022886037826538,30.08662700653076,30.430948972702026,30.326716899871826,30.024193048477173,30.41428303718567,30.168813943862915,30.30510187149048,30.17789602279663,30.032750129699707,30.34402894973755,30.40717911720276,30.024198055267334,30.495739936828613,30.3548641204834,30.05572485923767,30.333318948745728
123,ER_700_800_0.15_99,43,42,40,43,42,41,41,42,41,42,41,40,40,41,42,42,41,41,41,40,41,43,41,42,43,41,41,41,42,41,41,30.241041898727417,30.022131204605103,30.021510124206543,30.025980949401855,30.20418405532837,30.179269075393677,30.485979080200195,30.1060049533844,30.08185386657715,30.333886861801147,30.084759950637817,30.26923894882202,30.163278818130493,30.018362045288086,30.025262117385864,30.265789031982422,30.188192129135132,30.02727198600769,30.411749124526978,30.02127695083618,30.2828369140625,30.291517972946167,30.027969121932983,30.153319835662842,30.019466876983643,30.115278959274292,30.019881010055542,30.02276611328125,30.145988941192627,30.02711796760559,30.123671054840088
124,ER_700_800_0.15_30,40,40,43,39,41,40,42,41,40,41,41,41,40,41,42,40,41,40,41,41,40,42,40,40,42,40,40,42,40,40,41,30.50013303756714,30.417256116867065,30.38054895401001,30.456084966659546,30.27655601501465,30.16042995452881,30.506515979766846,30.419025182724,30.309690952301025,30.02819800376892,30.03674006462097,30.555565118789673,30.268338203430176,30.402633905410767,30.201739072799683,30.15305995941162,30.34335494041443,30.164220094680786,30.373847007751465,30.328617095947266,30.3216609954834,30.195852994918823,30.023550033569336,30.120862007141113,30.182712078094482,30.029016971588135,30.398545026779175,30.116491079330444,30.32486605644226,30.266813039779663,30.06272292137146
125,ER_700_800_0.15_117,41,41,40,40,43,39,42,41,40,41,40,40,39,41,41,44,40,40,40,42,43,40,40,40,40,42,42,40,41,40,41,30.204204082489014,30.26174783706665,30.132205963134766,30.107064962387085,30.025352001190186,30.029866933822632,30.033448219299316,30.224406957626343,30.14794111251831,30.033555030822754,30.02539300918579,30.022106885910034,30.19079089164734,30.0290470123291,30.030494928359985,30.22487998008728,30.380102157592773,30.029502153396606,30.030316829681396,30.026164054870605,30.0308198928833,30.144862174987793,30.03092908859253,30.24058699607849,30.028551816940308,30.021554946899414,30.023308038711548,30.022253036499023,30.07013177871704,30.102954864501953,30.308512926101685
126,ER_700_800_0.15_20,42,41,42,41,42,41,41,41,40,42,42,41,43,41,41,40,40,43,41,42,40,41,43,41,40,41,41,42,42,41,42,30.035444021224976,30.039174795150757,30.028630018234253,30.10308599472046,30.232853174209595,30.027345895767212,30.023897886276245,30.385524034500122,30.034647941589355,30.169677019119263,30.03782606124878,30.0290789604187,30.027412176132202,30.029228925704956,30.210356950759888,30.281614065170288,30.023103952407837,30.026154041290283,30.244887113571167,30.46285390853882,30.025247812271118,30.32201886177063,30.205842971801758,30.303565979003906,30.027018070220947,30.02400803565979,30.184221029281616,30.026796102523804,30.028969049453735,30.02167797088623,30.048907995224
127,ER_700_800_0.15_107,40,41,41,41,43,43,43,40,41,40,41,40,41,42,41,40,41,42,41,41,40,41,41,41,41,41,40,41,40,41,41,30.02831506729126,30.175585985183716,30.09482502937317,30.233211994171143,30.025642156600952,30.130861043930054,30.210989952087402,30.176596879959106,30.228074073791504,30.191203832626343,30.01648712158203,30.20827293395996,30.291456937789917,30.263028860092163,30.054288864135742,30.143187999725342,30.272423028945923,30.025217056274414,30.020201921463013,30.023871183395386,30.263055086135864,30.1979558467865,30.040964126586914,30.23836588859558,30.248465061187744,30.0293231010437,30.106028079986572,30.052181005477905,30.322673082351685,30.201064825057983,30.022189140319824
