,Dataset Name,"Gurobi_warm batch_size=256, learning_rate=0.001, momentum=0.5, gamma=500, gamma_prime=1,  terms=three warm start at step 450 with random sample rate of 0.1 Solution Size","Gurobi_warm batch_size=256, learning_rate=0.001, momentum=0.5, gamma=500, gamma_prime=1,  terms=three warm start at step 2250 with random sample rate of 0.1 Solution Size","Gurobi_warm batch_size=256, learning_rate=0.001, momentum=0.5, gamma=500, gamma_prime=1,  terms=three warm start at step 4500 with random sample rate of 0.1 Solution Size","Gurobi_warm batch_size=256, learning_rate=0.001, momentum=0.5, gamma=500, gamma_prime=1,  terms=three warm start at step 6750 with random sample rate of 0.1 Solution Size","Gurobi_warm batch_size=256, learning_rate=0.001, momentum=0.5, gamma=500, gamma_prime=1,  terms=three warm start at step 9000 with random sample rate of 0.1 Solution Size","Gurobi_warm batch_size=256, learning_rate=0.001, momentum=0.5, gamma=500, gamma_prime=1,  terms=three warm start at step 11250 with random sample rate of 0.1 Solution Size","Gurobi_warm batch_size=256, learning_rate=0.001, momentum=0.5, gamma=500, gamma_prime=1,  terms=three warm start at step 13500 with random sample rate of 0.1 Solution Size","Gurobi_warm batch_size=256, learning_rate=0.001, momentum=0.5, gamma=500, gamma_prime=1,  terms=three warm start at step 15750 with random sample rate of 0.1 Solution Size","Gurobi_warm batch_size=256, learning_rate=0.001, momentum=0.5, gamma=500, gamma_prime=1,  terms=three warm start at step 18000 with random sample rate of 0.1 Solution Size","Gurobi_warm batch_size=256, learning_rate=0.001, momentum=0.5, gamma=500, gamma_prime=1,  terms=three warm start at step 20250 with random sample rate of 0.1 Solution Size","Gurobi_warm batch_size=256, learning_rate=0.001, momentum=0.5, gamma=500, gamma_prime=1,  terms=three warm start at step 22500 with random sample rate of 0.1 Solution Size","Gurobi_warm batch_size=256, learning_rate=0.001, momentum=0.5, gamma=500, gamma_prime=1,  terms=three warm start at step 450 with random sample rate of 0.1 Solution Time","Gurobi_warm batch_size=256, learning_rate=0.001, momentum=0.5, gamma=500, gamma_prime=1,  terms=three warm start at step 2250 with random sample rate of 0.1 Solution Time","Gurobi_warm batch_size=256, learning_rate=0.001, momentum=0.5, gamma=500, gamma_prime=1,  terms=three warm start at step 4500 with random sample rate of 0.1 Solution Time","Gurobi_warm batch_size=256, learning_rate=0.001, momentum=0.5, gamma=500, gamma_prime=1,  terms=three warm start at step 6750 with random sample rate of 0.1 Solution Time","Gurobi_warm batch_size=256, learning_rate=0.001, momentum=0.5, gamma=500, gamma_prime=1,  terms=three warm start at step 9000 with random sample rate of 0.1 Solution Time","Gurobi_warm batch_size=256, learning_rate=0.001, momentum=0.5, gamma=500, gamma_prime=1,  terms=three warm start at step 11250 with random sample rate of 0.1 Solution Time","Gurobi_warm batch_size=256, learning_rate=0.001, momentum=0.5, gamma=500, gamma_prime=1,  terms=three warm start at step 13500 with random sample rate of 0.1 Solution Time","Gurobi_warm batch_size=256, learning_rate=0.001, momentum=0.5, gamma=500, gamma_prime=1,  terms=three warm start at step 15750 with random sample rate of 0.1 Solution Time","Gurobi_warm batch_size=256, learning_rate=0.001, momentum=0.5, gamma=500, gamma_prime=1,  terms=three warm start at step 18000 with random sample rate of 0.1 Solution Time","Gurobi_warm batch_size=256, learning_rate=0.001, momentum=0.5, gamma=500, gamma_prime=1,  terms=three warm start at step 20250 with random sample rate of 0.1 Solution Time","Gurobi_warm batch_size=256, learning_rate=0.001, momentum=0.5, gamma=500, gamma_prime=1,  terms=three warm start at step 22500 with random sample rate of 0.1 Solution Time"
0,ER_700_800_0.05_15,97,96,98,95,94,97,96,95,96,94,95,30.01831293106079,30.01765012741089,30.02692699432373,30.05814814567566,30.016590118408203,30.029540061950684,30.02736210823059,30.03093695640564,30.02846598625183,30.027095079421997,30.039530992507935
1,ER_700_800_0.05_23,97,93,96,95,102,97,98,97,99,93,95,30.032236099243164,30.028025150299072,30.00786805152893,30.045063018798828,30.027477025985718,30.029143810272217,30.0332088470459,30.01004195213318,30.028120040893555,30.02962899208069,30.026324033737183
2,ER_700_800_0.05_2,98,98,99,95,97,98,97,96,94,94,97,30.08317494392395,30.028931140899658,30.02994704246521,30.02838921546936,30.02328109741211,30.05403709411621,30.028785943984985,30.123811960220337,30.191967010498047,30.06524085998535,30.196799993515015
3,ER_700_800_0.05_22,96,94,93,96,96,94,94,93,97,96,97,30.030910968780518,30.26679801940918,30.00999879837036,30.01118302345276,30.136056184768677,30.02940011024475,30.02356195449829,30.02135705947876,30.047795057296753,30.02956485748291,30.023895978927612
4,ER_700_800_0.05_3,99,98,94,95,96,95,97,95,96,96,96,30.026008129119873,30.021503925323486,30.01946496963501,30.037129163742065,30.05762815475464,30.00816512107849,30.02477502822876,30.01779007911682,30.01918315887451,30.03610110282898,30.019987106323242
5,ER_700_800_0.05_14,95,95,101,96,92,98,94,94,95,92,95,30.032636165618896,30.01907205581665,30.06479501724243,30.027717113494873,30.084317922592163,30.07157301902771,30.022326946258545,30.064146995544434,30.02451992034912,30.028707027435303,30.09403920173645
6,ER_700_800_0.05_1,95,93,93,98,94,92,91,93,94,93,96,30.120008945465088,30.2423198223114,30.02951407432556,30.026039838790894,30.054828882217407,30.125885009765625,30.20425510406494,30.03549599647522,30.074064016342163,30.03486704826355,30.02799081802368
7,ER_700_800_0.05_20,88,93,92,91,95,92,92,94,97,90,92,30.218493938446045,30.04590106010437,30.031208038330078,30.07443904876709,30.026408910751343,30.03565502166748,30.29094409942627,30.05459213256836,30.02637791633606,30.043717861175537,30.026182889938354
8,ER_700_800_0.05_30,101,100,98,95,100,99,100,98,99,99,100,30.02871799468994,30.1009259223938,30.023324966430664,30.095906972885132,30.240944147109985,30.0315899848938,30.029656887054443,30.09876585006714,30.109116077423096,30.164566040039062,30.02090287208557
9,ER_700_800_0.05_29,92,94,92,93,92,94,92,94,93,98,95,30.04752206802368,30.026473999023438,30.020460844039917,30.085369110107422,30.027272939682007,30.029638051986694,30.048562049865723,30.022917985916138,30.01229691505432,30.110597133636475,30.308151960372925
10,ER_700_800_0.05_8,94,92,97,93,95,95,94,95,94,98,96,30.05282688140869,30.044070959091187,30.204578161239624,30.36319613456726,30.024242162704468,30.046055793762207,30.030471801757812,30.028050899505615,30.044631958007812,30.0306179523468,30.047893047332764
11,ER_700_800_0.05_16,94,92,93,93,95,96,94,91,94,94,93,30.029249906539917,30.011595010757446,30.020880937576294,30.022934198379517,30.025670051574707,30.007309913635254,30.012661933898926,30.00619387626648,30.009154796600342,30.024446964263916,30.05176091194153
12,ER_700_800_0.05_28,96,92,95,98,95,96,92,95,92,95,93,30.050339937210083,30.15364408493042,30.034393072128296,30.077108144760132,30.04028820991516,30.031646013259888,30.03880286216736,30.020389080047607,30.0256769657135,30.021152019500732,30.020992040634155
13,ER_700_800_0.05_9,91,92,94,96,94,91,90,93,91,94,93,30.026113986968994,30.019747018814087,30.0275399684906,30.027487993240356,30.019309043884277,30.026166200637817,30.024178981781006,30.0141499042511,30.020591020584106,30.16090989112854,30.022995948791504
14,ER_700_800_0.05_17,93,92,98,94,93,95,96,92,94,97,94,30.00984215736389,30.013796091079712,30.030420064926147,30.05072283744812,30.056573152542114,30.02181601524353,30.02247190475464,30.017492055892944,30.024487018585205,30.011881113052368,30.01204800605774
15,ER_700_800_0.05_0,97,94,94,97,94,94,93,97,93,94,94,30.035053968429565,30.02139115333557,30.01998519897461,30.02145290374756,30.024173974990845,30.02529811859131,30.022084951400757,30.079850912094116,30.02004098892212,30.02212119102478,30.023845911026
16,ER_700_800_0.05_31,97,97,95,97,94,95,96,95,94,96,95,30.021872997283936,30.023488998413086,30.02288508415222,30.026875019073486,30.026044845581055,30.04350185394287,30.01077890396118,30.024412870407104,30.02241802215576,30.021108865737915,30.004880905151367
17,ER_700_800_0.05_21,96,95,92,93,95,94,96,94,95,99,95,30.030261039733887,30.032798051834106,30.020697116851807,30.021286010742188,30.023777961730957,30.007435083389282,30.070114850997925,30.022149085998535,30.025649785995483,30.057607889175415,30.02262592315674
18,ER_700_800_0.05_5,97,97,98,96,96,94,99,96,95,99,96,30.020791053771973,30.023079872131348,30.020360946655273,30.045944929122925,30.02229404449463,30.02104902267456,30.058393955230713,30.005454063415527,30.01107692718506,30.009376049041748,30.00558614730835
19,ER_700_800_0.05_24,97,96,93,95,95,97,93,97,94,96,93,30.009692907333374,30.023698091506958,30.004878044128418,30.008735179901123,30.010951042175293,30.009752988815308,30.029917001724243,30.009116888046265,30.009918928146362,30.02583408355713,30.012853860855103
20,ER_700_800_0.05_12,95,94,93,93,97,94,91,90,91,93,92,30.020193099975586,30.048414945602417,30.072257041931152,30.021251916885376,30.04084300994873,30.022960901260376,30.03833293914795,30.005550861358643,30.04333782196045,30.004777908325195,30.02231788635254
21,ER_700_800_0.05_13,93,96,94,94,97,96,94,95,94,95,94,30.031736850738525,30.01289701461792,30.006071090698242,30.013728857040405,30.01231288909912,30.014161825180054,30.02326202392578,30.0086190700531,30.02317786216736,30.020532846450806,30.024363040924072
22,ER_700_800_0.05_4,95,96,97,97,98,96,94,97,94,100,96,30.023328065872192,30.02330207824707,30.02371907234192,30.061459064483643,30.022207021713257,30.021459102630615,30.039175033569336,30.021514892578125,30.00716805458069,30.012802839279175,30.02715015411377
23,ER_700_800_0.05_25,93,94,94,92,97,96,97,98,96,96,97,30.027207851409912,30.024988889694214,30.0219988822937,30.029802083969116,30.020226001739502,30.07913613319397,30.026376008987427,30.099250078201294,30.105350017547607,30.024302005767822,30.16562294960022
24,ER_700_800_0.05_11,91,96,94,96,95,92,93,94,96,91,95,30.022175788879395,30.006392002105713,30.04452395439148,30.019073963165283,30.022106170654297,30.02009892463684,30.18777298927307,30.08589506149292,30.064435958862305,30.066459894180298,30.026082038879395
25,ER_700_800_0.05_18,95,94,93,93,95,92,93,92,93,94,93,30.028615951538086,30.10046696662903,30.044034004211426,30.106204986572266,30.184608936309814,30.007641077041626,30.027286052703857,30.12078309059143,30.116141080856323,30.02351212501526,30.045408010482788
26,ER_700_800_0.05_27,89,93,92,92,94,94,93,96,93,91,92,30.18640899658203,30.040628910064697,30.022491931915283,30.025042057037354,30.069014072418213,30.099921941757202,30.12310004234314,30.299474954605103,30.32454013824463,30.059888124465942,30.04244899749756
27,ER_700_800_0.05_6,94,94,95,95,97,95,98,98,98,100,98,30.022774934768677,30.056628942489624,30.02815890312195,30.02589511871338,30.030220985412598,30.0258731842041,30.04065203666687,30.02081799507141,30.031841039657593,30.03168487548828,30.034294843673706
28,ER_700_800_0.05_19,93,94,95,94,93,96,95,93,93,93,95,30.154676914215088,30.022322177886963,30.030966997146606,30.088032007217407,30.034821033477783,30.217500925064087,30.043589115142822,30.03729796409607,30.020888805389404,30.05975079536438,30.029550790786743
29,ER_700_800_0.05_26,94,98,97,96,96,97,96,100,97,96,96,30.026806831359863,30.02515196800232,30.037081003189087,30.009196043014526,30.02219820022583,30.028455018997192,30.067279815673828,30.02044677734375,30.009719133377075,30.190181016921997,30.36567521095276
30,ER_700_800_0.05_7,96,98,96,96,97,101,98,96,95,100,101,30.03654980659485,30.034029960632324,30.031304836273193,30.030669927597046,30.022854804992676,30.02204990386963,30.01764488220215,30.029993057250977,30.02815294265747,30.02010202407837,30.280148029327393
31,ER_700_800_0.05_10,94,96,93,93,93,96,95,94,92,92,95,30.024807929992676,30.03113603591919,30.023141860961914,30.032177925109863,30.047719955444336,30.114553928375244,30.010571002960205,30.112454175949097,30.10710597038269,30.16496706008911,30.030313968658447
32,ER_700_800_0.1_1,54,57,56,56,55,57,55,55,57,55,56,30.083078145980835,30.069887161254883,30.169840812683105,30.00802707672119,30.026020050048828,30.035174131393433,30.023591995239258,30.01765203475952,30.015509843826294,30.012155055999756,30.02225399017334
33,ER_700_800_0.1_12,56,57,56,56,56,58,56,55,55,56,57,30.010401964187622,30.021382093429565,30.0086669921875,30.019168853759766,30.021606922149658,30.013264179229736,30.008835077285767,30.029309034347534,30.037925958633423,30.031633138656616,30.02263903617859
34,ER_700_800_0.1_8,56,56,55,55,56,54,57,56,56,56,56,30.016467094421387,30.08493185043335,30.05401611328125,30.115909099578857,30.047952890396118,30.031317949295044,30.078122854232788,30.013214111328125,30.016698837280273,30.011653184890747,30.025618076324463
35,ER_700_800_0.1_24,56,53,56,57,56,57,56,57,58,58,57,30.02340602874756,30.10009503364563,30.01696491241455,30.02193593978882,30.043528079986572,30.049190998077393,30.067157983779907,30.03173303604126,30.046330213546753,30.025146961212158,30.02217197418213
36,ER_700_800_0.1_9,57,58,60,58,58,59,57,58,57,56,59,30.031421899795532,30.024240970611572,30.022023916244507,30.024126052856445,30.007596969604492,30.016044855117798,30.007174015045166,30.00964093208313,30.019572973251343,30.055460929870605,30.025788068771362
37,ER_700_800_0.1_25,56,55,55,55,55,56,55,53,57,55,55,30.1738920211792,30.287823915481567,30.142138957977295,30.022037029266357,30.078954935073853,30.256690979003906,30.070873975753784,30.020851850509644,30.024293899536133,30.21085000038147,30.069142818450928
38,ER_700_800_0.1_0,54,57,56,56,55,56,57,58,55,54,56,30.32429599761963,30.101866006851196,30.203824996948242,30.053897857666016,30.091302156448364,30.06045413017273,30.060041904449463,30.04973793029785,30.077115058898926,30.451783895492554,30.05225396156311
39,ER_700_800_0.1_13,57,54,55,58,57,54,56,55,56,54,57,30.068424940109253,30.01777410507202,30.076562881469727,30.0974600315094,30.028589010238647,30.023792028427124,30.028133869171143,30.291337966918945,30.037247896194458,30.034132957458496,30.37667202949524
40,ER_700_800_0.1_27,57,53,53,55,55,53,53,54,54,55,53,30.00908899307251,30.150673151016235,30.021790027618408,30.024714946746826,30.030214071273804,30.119900941848755,30.103600025177002,30.03319787979126,30.02301597595215,30.122459888458252,30.02523708343506
41,ER_700_800_0.1_18,55,56,55,57,57,55,60,56,58,56,56,30.00739812850952,30.116838932037354,30.08446502685547,30.023255109786987,30.020375967025757,30.053569078445435,30.02040696144104,30.120765924453735,30.020952939987183,30.024610996246338,30.027595043182373
42,ER_700_800_0.1_2,56,55,56,56,56,54,57,56,54,55,55,30.02761697769165,30.02023696899414,30.02644109725952,30.02095103263855,30.02099919319153,30.019280195236206,30.022778034210205,30.012360095977783,30.01039409637451,30.024013996124268,30.022522926330566
43,ER_700_800_0.1_11,57,58,58,57,57,59,59,57,55,56,61,30.02048897743225,30.02473020553589,30.007941961288452,30.079867124557495,30.019057989120483,30.02199697494507,30.024322986602783,30.009100914001465,30.01963782310486,30.023560047149658,30.029002904891968
44,ER_700_800_0.1_3,55,57,56,56,55,56,57,55,58,57,55,30.02447485923767,30.02124810218811,30.020572900772095,30.148338079452515,30.020915985107422,30.020915985107422,30.023663997650146,30.026060104370117,30.02069592475891,30.012591123580933,30.02375817298889
45,ER_700_800_0.1_10,56,56,55,55,60,54,54,54,57,54,55,30.021939039230347,30.063915014266968,30.022613048553467,30.05721402168274,30.106130123138428,30.14550805091858,30.222429037094116,30.159757137298584,30.021908044815063,30.10109782218933,30.132309913635254
46,ER_700_800_0.1_26,56,53,54,56,57,57,55,56,55,55,57,30.018549919128418,30.02208685874939,30.09901189804077,30.162900924682617,30.026060819625854,30.11839985847473,30.276829957962036,30.024039030075073,30.021824836730957,30.04097819328308,30.166681051254272
47,ER_700_800_0.1_19,55,56,57,59,57,55,57,58,56,57,57,30.092999935150146,30.023921966552734,30.025527000427246,30.022809982299805,30.056421041488647,30.101660013198853,30.028589010238647,30.045006036758423,30.27639603614807,30.02558422088623,30.091362953186035
48,ER_700_800_0.1_23,54,56,56,56,56,56,55,56,55,55,53,30.104490041732788,30.024780988693237,30.325968980789185,30.025840997695923,30.029229164123535,30.284749031066895,30.09936809539795,30.05911898612976,30.065370082855225,30.291754961013794,30.033421993255615
49,ER_700_800_0.1_15,59,57,57,57,55,55,56,57,56,55,55,30.044538021087646,30.015519857406616,30.02181887626648,30.022467136383057,30.01951313018799,30.051109790802002,30.196049213409424,30.020618200302124,30.025657892227173,30.024090051651,30.02055788040161
50,ER_700_800_0.1_6,55,54,55,55,56,57,55,58,57,56,57,30.29072403907776,30.01886796951294,30.199465036392212,30.02240800857544,30.057926893234253,30.021817922592163,30.019668102264404,30.13504385948181,30.02220892906189,30.02108597755432,30.021780967712402
51,ER_700_800_0.1_14,56,55,55,54,56,56,56,56,58,55,56,30.067770957946777,30.072761058807373,30.02365207672119,30.02200412750244,30.019142866134644,30.342480897903442,30.26815915107727,30.022541046142578,30.02057695388794,30.02012801170349,30.02015709877014
52,ER_700_800_0.1_7,59,56,56,58,56,57,57,58,55,58,59,30.020952224731445,30.007081031799316,30.00765299797058,30.021481037139893,30.019734144210815,30.024033069610596,30.025278091430664,30.02191686630249,30.025101900100708,30.17072606086731,30.022441864013672
53,ER_700_800_0.1_22,55,54,57,55,56,56,54,56,55,55,53,30.021832942962646,30.023080110549927,30.027218103408813,30.02354097366333,30.01987099647522,30.024712085723877,30.02237606048584,30.024266004562378,30.0229549407959,30.024615049362183,30.02583408355713
54,ER_700_800_0.1_16,56,58,55,55,55,55,56,56,58,56,54,30.018508911132812,30.253822088241577,30.294814109802246,30.022039890289307,30.024553060531616,30.01941704750061,30.281932830810547,30.0654399394989,30.02370309829712,30.122514009475708,30.023998975753784
55,ER_700_800_0.1_29,56,56,55,57,58,58,56,56,58,56,57,30.029714107513428,30.069517850875854,30.031848907470703,30.008208990097046,30.02799892425537,30.021517992019653,30.02115797996521,30.011059045791626,30.022677898406982,30.023826122283936,30.55770492553711
56,ER_700_800_0.1_5,55,57,55,56,55,56,55,56,57,55,56,30.12283205986023,30.11629891395569,30.2899489402771,30.02169919013977,30.223405122756958,30.020066022872925,30.026199102401733,30.019630908966064,30.213024854660034,30.070578813552856,30.17774200439453
57,ER_700_800_0.1_20,55,55,56,55,54,56,55,56,56,55,55,30.02064299583435,30.02274203300476,30.02503204345703,30.11496090888977,30.020774126052856,30.029572010040283,30.091558933258057,30.02622103691101,30.026385068893433,30.025641202926636,30.05172896385193
58,ER_700_800_0.1_30,57,56,57,56,58,58,57,58,57,57,59,30.023704051971436,30.027300119400024,30.025763034820557,30.01546597480774,30.028409004211426,30.030591011047363,30.036974906921387,30.020253896713257,30.033973932266235,30.02678680419922,30.082967042922974
59,ER_700_800_0.1_31,57,55,54,55,56,56,56,57,55,54,55,30.029866933822632,30.01346182823181,30.035732984542847,30.02290916442871,30.008979082107544,30.009376049041748,30.03005313873291,30.005911827087402,30.112174034118652,30.308398962020874,30.02088499069214
60,ER_700_800_0.1_21,55,57,56,56,56,56,57,58,57,55,56,30.020491123199463,30.020296812057495,30.019892930984497,30.017210006713867,30.297268867492676,30.022947788238525,30.0189049243927,30.050752878189087,30.11986017227173,30.011708974838257,30.165689945220947
61,ER_700_800_0.1_17,54,54,56,54,57,57,57,54,57,56,57,30.079400062561035,30.065412998199463,30.041966199874878,30.022200107574463,30.022269010543823,30.019739151000977,30.246843814849854,30.07681703567505,30.19952702522278,30.20088291168213,30.023633003234863
62,ER_700_800_0.1_28,55,56,56,55,57,56,55,56,56,55,55,30.053210020065308,30.033796072006226,30.024065017700195,30.02228593826294,30.029295921325684,30.11987805366516,30.10050916671753,30.022222995758057,30.02286696434021,30.050508975982666,30.010364055633545
63,ER_700_800_0.1_4,56,56,54,56,58,59,57,59,56,56,58,30.02324914932251,30.06418013572693,30.17468500137329,30.105661869049072,30.067049980163574,30.013488054275513,30.159798860549927,30.0223548412323,30.024949073791504,30.026421070098877,30.02367401123047
64,ER_700_800_0.15_25,40,40,41,40,41,40,41,40,39,40,41,30.045198917388916,30.01110291481018,30.029972076416016,30.013428926467896,30.042762994766235,30.076008081436157,30.04081916809082,30.03869390487671,30.02699303627014,30.01770281791687,30.009916067123413
65,ER_700_800_0.15_13,42,41,40,39,42,39,40,41,40,40,41,30.023123025894165,30.024472951889038,30.023494005203247,30.024558067321777,30.023518085479736,30.027102947235107,30.010508060455322,30.025219917297363,30.0207998752594,30.026838064193726,30.025105953216553
66,ER_700_800_0.15_4,41,41,41,41,41,41,40,41,40,41,41,30.03291606903076,30.015602111816406,30.073508977890015,30.02662491798401,30.023468017578125,30.027682065963745,30.01953387260437,30.035569190979004,30.031071186065674,30.132040977478027,30.026556968688965
67,ER_700_800_0.15_12,42,42,42,40,41,39,40,40,42,39,41,30.020853996276855,30.02481698989868,30.007561922073364,30.04493498802185,30.01016592979431,30.044478178024292,30.04169988632202,30.080824851989746,30.01092004776001,30.065759897232056,30.031302213668823
68,ER_700_800_0.15_5,40,40,40,41,42,41,41,41,40,42,41,30.02458906173706,30.023396015167236,30.011264085769653,30.015339851379395,30.022436141967773,30.022130966186523,30.02942991256714,30.029396057128906,30.024313926696777,30.02494788169861,30.023595094680786
69,ER_700_800_0.15_24,40,42,41,42,41,42,40,40,39,40,41,30.024182081222534,30.024696111679077,30.023584842681885,30.032551050186157,30.026896953582764,30.02527117729187,30.022693872451782,30.019281148910522,30.03859806060791,30.009061098098755,30.022796154022217
70,ER_700_800_0.15_7,41,42,41,41,42,41,39,39,40,40,40,30.056814193725586,30.155375003814697,30.187947988510132,30.084872007369995,30.027498960494995,30.054805040359497,30.178043127059937,30.073201894760132,30.03847599029541,30.25177502632141,30.017856121063232
71,ER_700_800_0.15_10,41,39,38,43,41,41,39,41,39,40,40,30.0824978351593,30.025214910507202,30.058665990829468,30.074131965637207,30.040688037872314,30.072118997573853,30.060133934020996,30.222160816192627,30.158649921417236,30.07835602760315,30.132174968719482
72,ER_700_800_0.15_26,40,41,42,39,42,40,43,41,42,40,40,30.09473490715027,30.212016105651855,30.041332006454468,30.063352823257446,30.066529035568237,30.084728002548218,30.048920154571533,30.065608978271484,30.096181869506836,30.1973819732666,30.183931827545166
73,ER_700_800_0.15_19,39,39,39,40,40,40,39,39,39,40,39,30.12681007385254,30.26428508758545,30.078899145126343,30.052891969680786,30.056202173233032,30.219406127929688,30.116432905197144,30.199405908584595,30.317426919937134,30.366538047790527,30.52493906021118
74,ER_700_800_0.15_27,39,38,38,38,39,39,39,42,41,40,40,30.15856099128723,30.15479803085327,30.068586826324463,30.48275899887085,30.416193962097168,30.04723286628723,30.293509006500244,30.17849898338318,30.079869031906128,30.5926570892334,30.141862154006958
75,ER_700_800_0.15_18,42,40,39,38,43,38,39,40,40,40,40,30.142471075057983,30.17314100265503,30.482528924942017,30.35166096687317,30.202296018600464,30.16078805923462,30.172672033309937,30.391825914382935,30.2407009601593,30.04505205154419,30.193954944610596
76,ER_700_800_0.15_6,39,40,40,40,40,40,36,39,41,41,40,30.11735486984253,30.081247091293335,30.18877387046814,30.229766845703125,30.175004959106445,30.22953200340271,30.268533945083618,30.465997219085693,30.172359943389893,30.12946891784668,30.213761806488037
77,ER_700_800_0.15_11,42,41,42,40,40,41,39,40,39,39,42,30.047790050506592,30.07528591156006,30.090842962265015,30.147666931152344,30.074326038360596,30.109105110168457,30.192571878433228,30.169172048568726,30.13948082923889,30.28136706352234,30.10965609550476
78,ER_700_800_0.15_3,40,40,39,40,39,40,41,38,42,40,40,30.146756172180176,30.097206115722656,30.048032999038696,30.081979036331177,30.192861080169678,30.448451042175293,30.044052839279175,30.0645489692688,30.12806510925293,30.071650981903076,30.14663791656494
79,ER_700_800_0.15_14,40,40,39,40,41,41,40,41,41,41,40,30.12349510192871,30.06614899635315,30.08610200881958,30.12555980682373,30.06510591506958,30.43343186378479,30.130695104599,30.154688835144043,30.064130067825317,30.070019006729126,30.06513786315918
80,ER_700_800_0.15_22,40,40,41,40,40,40,40,40,40,40,40,30.028735160827637,30.09338688850403,30.058690071105957,30.15044593811035,30.05789017677307,30.329620122909546,30.221578121185303,30.081204891204834,30.10741090774536,30.148380041122437,30.19658398628235
81,ER_700_800_0.15_23,41,39,42,41,41,40,40,40,42,42,43,30.1857008934021,30.154114961624146,30.37501096725464,30.394722938537598,30.204206943511963,30.278197050094604,30.121428966522217,30.2011399269104,30.097553968429565,30.40075993537903,30.16929602622986
82,ER_700_800_0.15_2,39,39,41,39,41,41,39,39,39,40,40,30.091794967651367,30.14597201347351,30.01306390762329,30.053133010864258,30.140559911727905,30.12980008125305,30.059742212295532,30.017241954803467,30.19655203819275,30.03622603416443,30.05646014213562
83,ER_700_800_0.15_15,39,40,40,37,41,41,39,40,38,39,40,30.04866600036621,30.053762912750244,30.052902936935425,30.031320095062256,30.042057037353516,30.015307188034058,30.05161190032959,30.024820804595947,30.011804819107056,30.062460899353027,30.055404901504517
84,ER_700_800_0.15_9,39,41,40,40,41,39,40,40,39,39,42,30.049503803253174,30.040063858032227,30.04555892944336,30.02619504928589,30.062638998031616,30.012768983840942,30.062283039093018,30.02803087234497,30.188791036605835,30.051715850830078,30.019397020339966
85,ER_700_800_0.15_21,39,42,38,43,40,40,40,39,41,38,41,30.202900171279907,30.127171993255615,30.324822902679443,30.166198015213013,30.08322501182556,30.17196011543274,30.236881017684937,30.425240993499756,30.311041831970215,30.1804780960083,30.192703008651733
86,ER_700_800_0.15_31,42,39,42,39,38,41,39,37,37,41,40,30.111988067626953,30.140317916870117,30.154222011566162,30.130682945251465,30.097376108169556,30.245898008346558,30.23641610145569,30.50349497795105,30.20779514312744,30.763776063919067,30.44046401977539
87,ER_700_800_0.15_17,37,38,41,40,39,38,40,41,42,38,39,30.843590021133423,30.377504110336304,30.445882081985474,30.23923397064209,30.175487995147705,30.234430074691772,30.372807025909424,30.379279851913452,30.414600133895874,30.29106593132019,30.262996196746826
88,ER_700_800_0.15_0,40,40,39,41,39,36,36,39,40,39,39,30.08231496810913,30.1731219291687,30.164750814437866,30.030850887298584,30.073210954666138,30.46062183380127,30.215584993362427,30.145209074020386,30.169914960861206,30.15373992919922,30.13930583000183
89,ER_700_800_0.15_28,37,39,36,38,37,39,39,38,39,42,41,30.22162389755249,30.34055495262146,30.037103176116943,30.10935401916504,30.118340015411377,30.067840099334717,30.107375144958496,30.346112966537476,30.05825185775757,30.032691955566406,30.132991790771484
90,ER_700_800_0.15_16,40,39,39,40,41,40,40,39,40,40,38,30.075241088867188,30.105409860610962,30.0449800491333,30.10260009765625,30.162739038467407,30.026937007904053,30.22589111328125,30.20068597793579,30.079697847366333,30.055444955825806,30.087774991989136
91,ER_700_800_0.15_1,39,39,38,40,38,40,39,41,40,41,39,30.261173963546753,30.05175805091858,30.05611491203308,30.295207023620605,30.2777738571167,30.257763147354126,30.160935163497925,30.14166522026062,30.06080198287964,30.221118927001953,30.403809070587158
92,ER_700_800_0.15_29,39,39,40,36,37,39,38,40,42,40,41,30.174379110336304,30.46607208251953,30.087682008743286,30.211807012557983,30.11113214492798,30.208155870437622,30.440157175064087,30.096365928649902,30.11921787261963,30.194007873535156,30.38331913948059
93,ER_700_800_0.15_8,38,38,38,38,38,41,39,38,38,40,38,30.29585099220276,30.372246026992798,30.297043800354004,30.24637484550476,30.05752921104431,30.273586988449097,30.412508010864258,30.53037190437317,30.161514043807983,30.248565912246704,30.285551071166992
94,ER_700_800_0.15_30,39,38,36,36,34,36,37,39,36,38,36,30.198832988739014,30.083518981933594,30.08579707145691,30.396228790283203,30.162034034729004,30.28455901145935,30.08796501159668,30.203738927841187,30.27721905708313,30.29879379272461,30.309635877609253
95,ER_700_800_0.15_20,39,37,38,37,39,38,36,38,36,38,38,30.34664011001587,30.076968908309937,30.17557716369629,30.10565996170044,30.072101831436157,30.091583013534546,30.135910034179688,30.072422981262207,30.131194829940796,30.048914194107056,30.122677087783813
96,ER_700_800_0.2_31,29,28,27,31,31,28,28,31,29,31,29,30.093008995056152,30.142831802368164,30.409250020980835,30.30179190635681,30.269719123840332,30.16245698928833,30.025651931762695,30.150482177734375,30.15004801750183,30.17145800590515,30.112507104873657
97,ER_700_800_0.2_21,28,30,27,29,28,30,29,28,28,27,32,30.26113986968994,30.03773808479309,30.279186010360718,30.160542011260986,30.163082122802734,30.062355995178223,30.00478506088257,30.08197808265686,30.176235914230347,30.175132989883423,30.08601999282837
98,ER_700_800_0.2_5,28,29,29,30,32,31,29,28,29,30,27,30.305528163909912,30.149895906448364,30.083152055740356,30.423649072647095,30.1022789478302,30.16067099571228,30.195236921310425,30.53310489654541,30.005014896392822,30.334028005599976,30.23024082183838
99,ER_700_800_0.2_28,30,28,28,30,29,29,27,28,32,28,29,30.3450767993927,30.22132396697998,30.198553800582886,30.1856951713562,30.305514812469482,30.047192096710205,30.169972896575928,30.019572019577026,30.524258852005005,30.287392139434814,30.145357847213745
100,ER_700_800_0.2_17,30,29,29,29,29,30,30,29,29,30,29,30.212764024734497,30.195548057556152,30.132339000701904,30.192750930786133,30.033804893493652,30.07775616645813,30.09691095352173,30.041423082351685,30.127975940704346,30.052125215530396,30.126940965652466
101,ER_700_800_0.2_29,30,29,27,28,30,31,30,30,30,27,29,30.11127209663391,30.15053105354309,30.00512409210205,30.10312509536743,30.076611042022705,30.00618290901184,30.117040872573853,30.141456842422485,30.207144021987915,30.248614072799683,30.13984990119934
102,ER_700_800_0.2_16,29,29,29,30,30,30,30,29,29,28,30,30.173407077789307,30.41005802154541,30.120765924453735,30.108992099761963,30.38563895225525,30.262301921844482,30.113431930541992,30.12021017074585,30.30187487602234,30.280609846115112,30.188495874404907
103,ER_700_800_0.2_20,30,30,29,28,29,28,29,30,29,32,29,30.315605878829956,30.13305401802063,30.404053926467896,30.384911060333252,30.16617488861084,30.073896169662476,30.345465898513794,30.43996787071228,30.180161952972412,30.426629066467285,30.67127299308777
104,ER_700_800_0.2_30,27,28,30,29,29,28,30,29,28,29,29,30.12136197090149,30.34012007713318,30.55195903778076,30.200863122940063,30.238559007644653,30.233858823776245,30.209691047668457,30.211017847061157,30.33763885498047,30.257671117782593,30.279655933380127
105,ER_700_800_0.2_4,31,31,30,29,30,30,28,31,32,32,31,30.121371030807495,30.236560821533203,30.17476511001587,30.3407461643219,30.57021999359131,30.5761559009552,30.278565883636475,30.619637966156006,30.202327966690063,30.41455602645874,30.185506105422974
106,ER_700_800_0.2_14,30,33,31,30,30,29,29,32,31,31,29,30.3296000957489,30.17475986480713,30.379802942276,30.605764150619507,30.26921010017395,30.406634092330933,30.15009307861328,30.65757417678833,30.12640905380249,30.31754994392395,30.176698923110962
107,ER_700_800_0.2_6,29,29,27,30,29,29,33,27,28,31,29,30.130542039871216,30.5575909614563,30.207341194152832,30.200500011444092,30.37545108795166,30.273274898529053,30.565834999084473,30.36334204673767,30.194908142089844,30.253504037857056,30.182211875915527
108,ER_700_800_0.2_22,29,29,29,30,27,30,31,29,31,28,31,30.082064867019653,30.21404004096985,30.19425678253174,30.164008140563965,30.00570797920227,30.348526000976562,30.138612985610962,30.10696816444397,30.270498991012573,30.152829885482788,30.25334596633911
109,ER_700_800_0.2_7,28,31,30,29,28,32,32,31,29,30,29,30.174936056137085,30.22365403175354,30.208486080169678,30.096349000930786,30.07533288002014,30.101217031478882,30.078763008117676,30.317094087600708,30.161235094070435,30.141407012939453,30.095319032669067
110,ER_700_800_0.2_23,27,30,30,28,31,30,29,31,30,29,27,30.272528886795044,30.360698223114014,30.236652135849,30.318942070007324,30.1996328830719,30.310230016708374,30.20444107055664,30.06166386604309,30.200716972351074,30.35476303100586,30.084583044052124
111,ER_700_800_0.2_15,29,29,31,31,31,30,30,30,29,30,30,30.272328853607178,30.37576389312744,30.159552097320557,30.302482843399048,30.3163959980011,30.395920991897583,30.24533486366272,30.349950075149536,30.123302221298218,30.361570835113525,30.59047794342041
112,ER_700_800_0.2_10,32,27,31,28,29,29,32,30,30,28,26,30.296885013580322,30.198286056518555,30.172204971313477,30.186216115951538,30.1523220539093,30.32590913772583,30.36454701423645,30.168992042541504,30.227590799331665,30.549531936645508,30.27425193786621
113,ER_700_800_0.2_19,29,29,29,28,30,29,28,29,30,29,28,30.60019016265869,30.214996099472046,30.290215969085693,30.26809310913086,30.224581003189087,30.122046947479248,30.255810022354126,30.027151107788086,30.746187925338745,30.25416088104248,30.43512201309204
114,ER_700_800_0.2_26,29,29,29,30,28,28,29,29,29,29,29,30.27310609817505,30.297986030578613,30.147767066955566,30.192782878875732,30.17229413986206,30.236207008361816,30.089694023132324,30.188337087631226,30.18193292617798,30.005461931228638,30.122663021087646
115,ER_700_800_0.2_2,30,28,30,30,27,30,30,27,29,30,28,30.00528907775879,30.516517162322998,30.309582948684692,30.22775101661682,30.219493865966797,30.53413200378418,30.413990020751953,30.214573860168457,30.348657846450806,30.30590319633484,30.319935083389282
116,ER_700_800_0.2_18,28,30,30,29,30,30,30,28,28,28,29,30.20097017288208,30.14684510231018,30.085577964782715,30.105546951293945,30.179276943206787,30.32055687904358,30.169755220413208,30.620454788208008,30.12564182281494,30.005111932754517,30.08882212638855
117,ER_700_800_0.2_27,28,28,30,28,30,29,28,30,28,29,29,30.09409499168396,30.005872011184692,30.33757495880127,30.151650190353394,30.21275806427002,30.201714038848877,30.005533933639526,30.10807514190674,30.300620079040527,30.12782096862793,30.122348070144653
118,ER_700_800_0.2_3,30,30,30,29,29,31,31,30,33,30,28,30.26277804374695,30.291078090667725,30.38573908805847,30.35723114013672,30.40440797805786,30.825627088546753,30.300612211227417,30.225080966949463,30.588842153549194,30.39249610900879,30.40724515914917
119,ER_700_800_0.2_11,26,27,28,29,31,28,28,29,28,28,27,30.607598066329956,30.398572206497192,30.33257794380188,30.355622053146362,30.17247200012207,30.334038972854614,30.3177170753479,30.47950506210327,30.420516967773438,30.307309865951538,30.11497688293457
120,ER_700_800_0.2_1,30,28,26,29,29,30,30,32,29,29,29,30.00467300415039,30.54526996612549,30.115694999694824,30.17444109916687,30.103320837020874,30.14382791519165,30.460245847702026,30.275722980499268,30.199138879776,30.004426956176758,30.27027201652527
121,ER_700_800_0.2_25,29,28,28,30,29,29,29,29,28,28,29,30.128879070281982,30.012332916259766,30.434927940368652,30.204757928848267,30.004365921020508,30.37655997276306,30.254467010498047,30.709295988082886,30.054233074188232,30.008755207061768,30.44828510284424
122,ER_700_800_0.2_13,30,31,29,28,26,30,28,28,30,30,27,30.210701942443848,30.066277980804443,30.014873027801514,30.17572593688965,30.03173804283142,30.020583152770996,30.00429892539978,30.057905912399292,30.06228804588318,30.881463050842285,31.673532962799072
123,ER_700_800_0.2_8,29,28,29,31,27,27,29,26,29,30,29,30.597240209579468,30.169636011123657,30.35846185684204,30.10354495048523,30.02663803100586,30.553921937942505,30.425071001052856,30.27380084991455,30.545050859451294,30.296857118606567,30.28777003288269
124,ER_700_800_0.2_12,29,30,28,30,29,27,28,30,29,32,28,30.081012964248657,30.168142080307007,30.27112913131714,30.20824909210205,30.23603391647339,30.426350831985474,30.342146158218384,30.411302089691162,30.26833200454712,30.14263892173767,30.45297598838806
125,ER_700_800_0.2_9,28,30,28,28,28,28,27,27,30,27,29,30.164528846740723,30.004854917526245,30.01762104034424,30.260545015335083,30.373745918273926,30.2935152053833,30.006157159805298,30.033184051513672,30.31411099433899,30.005990982055664,30.22119116783142
126,ER_700_800_0.2_0,28,29,28,25,26,30,28,27,28,29,28,30.06423306465149,30.33187699317932,30.062371969223022,30.02421808242798,30.488224983215332,31.006387948989868,30.006167888641357,30.12258791923523,30.05945897102356,30.193610906600952,30.50739598274231
127,ER_700_800_0.2_24,30,27,29,29,27,30,27,27,27,29,28,30.411449909210205,30.647855043411255,30.161985874176025,30.018786907196045,30.56760001182556,30.29201889038086,30.4981210231781,31.257071018218994,30.315160989761353,30.056477069854736,30.03662109375
