,Dataset Name,"pCQO_MIS ER 700-800 MGD batch_size=256, learning_rate=0.001, momentum=0.5, gamma=500, gamma_prime=1,  terms=three at step 450 Solution Size","pCQO_MIS ER 700-800 MGD batch_size=256, learning_rate=0.001, momentum=0.5, gamma=500, gamma_prime=1,  terms=three at step 2250 Solution Size","pCQO_MIS ER 700-800 MGD batch_size=256, learning_rate=0.001, momentum=0.5, gamma=500, gamma_prime=1,  terms=three at step 4500 Solution Size","pCQO_MIS ER 700-800 MGD batch_size=256, learning_rate=0.001, momentum=0.5, gamma=500, gamma_prime=1,  terms=three at step 6750 Solution Size","pCQO_MIS ER 700-800 MGD batch_size=256, learning_rate=0.001, momentum=0.5, gamma=500, gamma_prime=1,  terms=three at step 9000 Solution Size","pCQO_MIS ER 700-800 MGD batch_size=256, learning_rate=0.001, momentum=0.5, gamma=500, gamma_prime=1,  terms=three at step 11250 Solution Size","pCQO_MIS ER 700-800 MGD batch_size=256, learning_rate=0.001, momentum=0.5, gamma=500, gamma_prime=1,  terms=three at step 13500 Solution Size","pCQO_MIS ER 700-800 MGD batch_size=256, learning_rate=0.001, momentum=0.5, gamma=500, gamma_prime=1,  terms=three at step 15750 Solution Size","pCQO_MIS ER 700-800 MGD batch_size=256, learning_rate=0.001, momentum=0.5, gamma=500, gamma_prime=1,  terms=three at step 18000 Solution Size","pCQO_MIS ER 700-800 MGD batch_size=256, learning_rate=0.001, momentum=0.5, gamma=500, gamma_prime=1,  terms=three at step 20250 Solution Size","pCQO_MIS ER 700-800 MGD batch_size=256, learning_rate=0.001, momentum=0.5, gamma=500, gamma_prime=1,  terms=three at step 22500 Solution Size","pCQO_MIS ER 700-800 MGD batch_size=256, learning_rate=0.001, momentum=0.5, gamma=500, gamma_prime=1,  terms=three at step 24750 Solution Size","pCQO_MIS ER 700-800 MGD batch_size=256, learning_rate=0.001, momentum=0.5, gamma=500, gamma_prime=1,  terms=three at step 27000 Solution Size","pCQO_MIS ER 700-800 MGD batch_size=256, learning_rate=0.001, momentum=0.5, gamma=500, gamma_prime=1,  terms=three at step 29250 Solution Size","pCQO_MIS ER 700-800 MGD batch_size=256, learning_rate=0.001, momentum=0.5, gamma=500, gamma_prime=1,  terms=three at step 31500 Solution Size","pCQO_MIS ER 700-800 MGD batch_size=256, learning_rate=0.001, momentum=0.5, gamma=500, gamma_prime=1,  terms=three at step 33750 Solution Size","pCQO_MIS ER 700-800 MGD batch_size=256, learning_rate=0.001, momentum=0.5, gamma=500, gamma_prime=1,  terms=three at step 36000 Solution Size","pCQO_MIS ER 700-800 MGD batch_size=256, learning_rate=0.001, momentum=0.5, gamma=500, gamma_prime=1,  terms=three at step 38250 Solution Size","pCQO_MIS ER 700-800 MGD batch_size=256, learning_rate=0.001, momentum=0.5, gamma=500, gamma_prime=1,  terms=three at step 40500 Solution Size","pCQO_MIS ER 700-800 MGD batch_size=256, learning_rate=0.001, momentum=0.5, gamma=500, gamma_prime=1,  terms=three at step 42750 Solution Size","pCQO_MIS ER 700-800 MGD batch_size=256, learning_rate=0.001, momentum=0.5, gamma=500, gamma_prime=1,  terms=three at step 45000 Solution Size","pCQO_MIS ER 700-800 MGD batch_size=256, learning_rate=0.001, momentum=0.5, gamma=500, gamma_prime=1,  terms=three at step 47250 Solution Size","pCQO_MIS ER 700-800 MGD batch_size=256, learning_rate=0.001, momentum=0.5, gamma=500, gamma_prime=1,  terms=three at step 49500 Solution Size","pCQO_MIS ER 700-800 MGD batch_size=256, learning_rate=0.001, momentum=0.5, gamma=500, gamma_prime=1,  terms=three at step 51750 Solution Size","pCQO_MIS ER 700-800 MGD batch_size=256, learning_rate=0.001, momentum=0.5, gamma=500, gamma_prime=1,  terms=three at step 54000 Solution Size","pCQO_MIS ER 700-800 MGD batch_size=256, learning_rate=0.001, momentum=0.5, gamma=500, gamma_prime=1,  terms=three at step 56250 Solution Size","pCQO_MIS ER 700-800 MGD batch_size=256, learning_rate=0.001, momentum=0.5, gamma=500, gamma_prime=1,  terms=three at step 58500 Solution Size","pCQO_MIS ER 700-800 MGD batch_size=256, learning_rate=0.001, momentum=0.5, gamma=500, gamma_prime=1,  terms=three at step 60750 Solution Size","pCQO_MIS ER 700-800 MGD batch_size=256, learning_rate=0.001, momentum=0.5, gamma=500, gamma_prime=1,  terms=three at step 63000 Solution Size","pCQO_MIS ER 700-800 MGD batch_size=256, learning_rate=0.001, momentum=0.5, gamma=500, gamma_prime=1,  terms=three at step 65250 Solution Size","pCQO_MIS ER 700-800 MGD batch_size=256, learning_rate=0.001, momentum=0.5, gamma=500, gamma_prime=1,  terms=three at step 67500 Solution Size","pCQO_MIS ER 700-800 MGD batch_size=256, learning_rate=0.001, momentum=0.5, gamma=500, gamma_prime=1,  terms=three at step 450 Solution Time","pCQO_MIS ER 700-800 MGD batch_size=256, learning_rate=0.001, momentum=0.5, gamma=500, gamma_prime=1,  terms=three at step 2250 Solution Time","pCQO_MIS ER 700-800 MGD batch_size=256, learning_rate=0.001, momentum=0.5, gamma=500, gamma_prime=1,  terms=three at step 4500 Solution Time","pCQO_MIS ER 700-800 MGD batch_size=256, learning_rate=0.001, momentum=0.5, gamma=500, gamma_prime=1,  terms=three at step 6750 Solution Time","pCQO_MIS ER 700-800 MGD batch_size=256, learning_rate=0.001, momentum=0.5, gamma=500, gamma_prime=1,  terms=three at step 9000 Solution Time","pCQO_MIS ER 700-800 MGD batch_size=256, learning_rate=0.001, momentum=0.5, gamma=500, gamma_prime=1,  terms=three at step 11250 Solution Time","pCQO_MIS ER 700-800 MGD batch_size=256, learning_rate=0.001, momentum=0.5, gamma=500, gamma_prime=1,  terms=three at step 13500 Solution Time","pCQO_MIS ER 700-800 MGD batch_size=256, learning_rate=0.001, momentum=0.5, gamma=500, gamma_prime=1,  terms=three at step 15750 Solution Time","pCQO_MIS ER 700-800 MGD batch_size=256, learning_rate=0.001, momentum=0.5, gamma=500, gamma_prime=1,  terms=three at step 18000 Solution Time","pCQO_MIS ER 700-800 MGD batch_size=256, learning_rate=0.001, momentum=0.5, gamma=500, gamma_prime=1,  terms=three at step 20250 Solution Time","pCQO_MIS ER 700-800 MGD batch_size=256, learning_rate=0.001, momentum=0.5, gamma=500, gamma_prime=1,  terms=three at step 22500 Solution Time","pCQO_MIS ER 700-800 MGD batch_size=256, learning_rate=0.001, momentum=0.5, gamma=500, gamma_prime=1,  terms=three at step 24750 Solution Time","pCQO_MIS ER 700-800 MGD batch_size=256, learning_rate=0.001, momentum=0.5, gamma=500, gamma_prime=1,  terms=three at step 27000 Solution Time","pCQO_MIS ER 700-800 MGD batch_size=256, learning_rate=0.001, momentum=0.5, gamma=500, gamma_prime=1,  terms=three at step 29250 Solution Time","pCQO_MIS ER 700-800 MGD batch_size=256, learning_rate=0.001, momentum=0.5, gamma=500, gamma_prime=1,  terms=three at step 31500 Solution Time","pCQO_MIS ER 700-800 MGD batch_size=256, learning_rate=0.001, momentum=0.5, gamma=500, gamma_prime=1,  terms=three at step 33750 Solution Time","pCQO_MIS ER 700-800 MGD batch_size=256, learning_rate=0.001, momentum=0.5, gamma=500, gamma_prime=1,  terms=three at step 36000 Solution Time","pCQO_MIS ER 700-800 MGD batch_size=256, learning_rate=0.001, momentum=0.5, gamma=500, gamma_prime=1,  terms=three at step 38250 Solution Time","pCQO_MIS ER 700-800 MGD batch_size=256, learning_rate=0.001, momentum=0.5, gamma=500, gamma_prime=1,  terms=three at step 40500 Solution Time","pCQO_MIS ER 700-800 MGD batch_size=256, learning_rate=0.001, momentum=0.5, gamma=500, gamma_prime=1,  terms=three at step 42750 Solution Time","pCQO_MIS ER 700-800 MGD batch_size=256, learning_rate=0.001, momentum=0.5, gamma=500, gamma_prime=1,  terms=three at step 45000 Solution Time","pCQO_MIS ER 700-800 MGD batch_size=256, learning_rate=0.001, momentum=0.5, gamma=500, gamma_prime=1,  terms=three at step 47250 Solution Time","pCQO_MIS ER 700-800 MGD batch_size=256, learning_rate=0.001, momentum=0.5, gamma=500, gamma_prime=1,  terms=three at step 49500 Solution Time","pCQO_MIS ER 700-800 MGD batch_size=256, learning_rate=0.001, momentum=0.5, gamma=500, gamma_prime=1,  terms=three at step 51750 Solution Time","pCQO_MIS ER 700-800 MGD batch_size=256, learning_rate=0.001, momentum=0.5, gamma=500, gamma_prime=1,  terms=three at step 54000 Solution Time","pCQO_MIS ER 700-800 MGD batch_size=256, learning_rate=0.001, momentum=0.5, gamma=500, gamma_prime=1,  terms=three at step 56250 Solution Time","pCQO_MIS ER 700-800 MGD batch_size=256, learning_rate=0.001, momentum=0.5, gamma=500, gamma_prime=1,  terms=three at step 58500 Solution Time","pCQO_MIS ER 700-800 MGD batch_size=256, learning_rate=0.001, momentum=0.5, gamma=500, gamma_prime=1,  terms=three at step 60750 Solution Time","pCQO_MIS ER 700-800 MGD batch_size=256, learning_rate=0.001, momentum=0.5, gamma=500, gamma_prime=1,  terms=three at step 63000 Solution Time","pCQO_MIS ER 700-800 MGD batch_size=256, learning_rate=0.001, momentum=0.5, gamma=500, gamma_prime=1,  terms=three at step 65250 Solution Time","pCQO_MIS ER 700-800 MGD batch_size=256, learning_rate=0.001, momentum=0.5, gamma=500, gamma_prime=1,  terms=three at step 67500 Solution Time"
0,ER_700_800_0.15_47,38,39,39,39,39,39,39,39,39,39,39,39,39,39,39,39,39,39,39,39,39,39,39,39,39,39,39,39,39,39,39,5.730528831481934,12.561244010925293,21.14405345916748,26.368821382522583,40.76811242103577,45.424521923065186,55.19081473350525,65.05605816841125,74.57278490066528,84.23752927780151,93.80437541007996,103.29515099525452,112.81470656394958,122.12297821044922,131.47049283981323,140.95687794685364,150.01028537750244,159.45228695869446,168.65545916557312,177.8581783771515,187.05501627922058,196.16461944580078,204.2075219154358,207.35403633117676,220.90528297424316,225.4263927936554,233.27130317687988,242.45998430252075,251.38407230377197,260.2336688041687,269.34606075286865
1,ER_700_800_0.15_57,39,39,39,39,39,39,39,39,39,39,39,39,39,39,39,39,39,39,39,39,39,39,39,39,39,39,39,39,39,39,39,3.340031623840332,11.251450061798096,21.51585340499878,31.4206702709198,41.22167658805847,51.04065489768982,61.01152014732361,70.81178998947144,80.59847736358643,90.28752303123474,99.90500783920288,109.50922703742981,117.85098147392273,122.08717560768127,136.42638444900513,139.16892337799072,147.84180808067322,157.26940178871155,166.38366961479187,175.74892330169678,184.95960927009583,194.17046213150024,203.43004155158997,212.4710292816162,221.65228939056396,230.73095226287842,239.67472529411316,248.91390872001648,257.8503041267395,267.03410840034485,275.99367666244507
2,ER_700_800_0.15_25,37,38,39,39,39,39,39,39,39,39,39,40,40,40,40,40,40,40,40,40,40,40,40,40,40,40,40,40,40,40,40,3.367913246154785,11.64881706237793,21.67254066467285,26.36885118484497,38.38845777511597,46.00811982154846,50.61987638473511,60.47541785240173,70.26360034942627,80.12595915794373,89.99288558959961,99.89606261253357,109.74163031578064,119.41768169403076,129.0790114402771,138.8843207359314,148.33715391159058,158.03844094276428,167.66169595718384,177.2910656929016,186.87690830230713,196.53455114364624,206.11680388450623,210.25666427612305,221.72918844223022,229.6619873046875,234.97604775428772,244.41511130332947,253.62285447120667,263.1261217594147,272.52043056488037
3,ER_700_800_0.15_102,38,38,39,39,39,39,39,39,39,39,39,39,39,39,39,39,39,39,39,39,39,39,39,39,39,39,39,39,39,39,39,3.542881965637207,11.847715616226196,21.886406898498535,32.23911428451538,42.24420189857483,52.47283864021301,62.57721495628357,72.60229349136353,82.20203304290771,92.54744029045105,102.4895749092102,112.71802401542664,120.40957999229431,125.62102723121643,139.98763155937195,144.76519918441772,154.88846230506897,164.88521361351013,174.78026223182678,184.8370988368988,194.81586861610413,204.61138534545898,214.45678114891052,224.33081245422363,234.12118244171143,243.95519518852234,253.74121260643005,263.57840037345886,273.5562415122986,283.37603998184204,293.0945665836334
4,ER_700_800_0.15_35,37,38,38,38,38,38,38,38,38,38,38,38,38,38,38,38,38,38,38,38,38,38,39,39,39,39,39,39,39,39,39,2.9751651287078857,10.276294946670532,14.690362215042114,29.810164213180542,32.76123237609863,42.81654334068298,53.14083790779114,63.168317556381226,73.009605884552,82.84658432006836,93.04979610443115,103.02290439605713,113.28499794006348,123.28103756904602,133.25387525558472,143.56911158561707,153.53118252754211,163.47060632705688,173.76994466781616,183.7531635761261,193.66354036331177,198.57813477516174,213.38940358161926,216.73768258094788,226.67074990272522,236.5830273628235,246.45136761665344,256.7357439994812,266.5446264743805,276.3820757865906,286.2424213886261
5,ER_700_800_0.15_112,38,38,39,39,39,39,39,39,39,39,39,39,39,39,39,39,39,39,39,39,39,39,39,39,39,39,39,39,39,39,39,3.8925578594207764,11.992104291915894,22.24125385284424,32.14688467979431,42.06814527511597,52.20511174201965,62.132893085479736,71.9349148273468,81.63079071044922,90.42702317237854,94.37824964523315,108.96043562889099,111.89415216445923,120.5609986782074,130.08926820755005,139.38683891296387,148.6730170249939,158.05356907844543,167.16078972816467,176.43944764137268,185.56767535209656,194.7898187637329,203.9068009853363,213.13084387779236,222.11604571342468,231.03999137878418,240.22089338302612,249.20124006271362,258.0506145954132,267.2128710746765,274.57171058654785
6,ER_700_800_0.15_78,36,37,37,37,38,38,38,39,39,39,39,39,39,39,39,39,39,39,39,39,39,39,39,39,39,39,39,39,39,39,39,3.140857219696045,15.341948986053467,20.9525625705719,28.88751459121704,38.7240936756134,48.583484172821045,58.39699149131775,67.79788374900818,77.4928948879242,87.06548523902893,96.4932336807251,105.7586019039154,114.9784734249115,124.32932472229004,133.41260433197021,142.67542028427124,151.67837262153625,160.94444513320923,169.91453218460083,178.79045844078064,184.08413577079773,192.60516119003296,203.30132603645325,206.65237545967102,215.4722445011139,224.25754356384277,233.15848088264465,242.0352110862732,250.77525997161865,259.58036160469055,268.3388955593109
7,ER_700_800_0.15_68,37,38,38,38,38,38,38,38,38,38,38,38,38,38,38,38,38,38,38,38,38,38,38,38,38,38,38,38,38,38,38,3.1712329387664795,11.442298650741577,21.464192867279053,31.67070174217224,41.70682120323181,51.656248331069946,61.53497314453125,71.71112489700317,81.5949444770813,91.36701822280884,98.71140336990356,105.44309520721436,118.24584126472473,120.01472306251526,129.446533203125,139.0093183517456,148.63916563987732,157.90452980995178,167.3499355316162,176.93309259414673,186.39821600914001,195.60534858703613,205.0558795928955,214.47962260246277,224.0566749572754,233.1309461593628,242.58013319969177,251.57607293128967,260.96077156066895,270.14688634872437,279.3825001716614
8,ER_700_800_0.15_85,38,38,38,39,39,39,39,39,39,39,39,39,39,39,39,39,39,39,39,39,39,39,39,39,39,39,39,39,39,39,39,2.4524471759796143,4.362475872039795,19.682196378707886,23.6625874042511,33.347005128860474,43.613900899887085,53.5468065738678,63.46258544921875,73.66539525985718,83.58363437652588,93.46427083015442,103.3725528717041,113.22906303405762,123.10932517051697,132.86642932891846,142.28855156898499,152.1421959400177,161.89995503425598,171.6085970401764,181.34768152236938,186.25404572486877,198.52079129219055,205.8258159160614,213.57847118377686,223.28829884529114,232.94975686073303,242.57619714736938,252.1589560508728,261.847380399704,271.4048054218292,280.73428082466125
9,ER_700_800_0.15_95,37,38,38,38,38,38,38,38,38,38,38,38,38,38,38,38,38,38,38,38,38,38,38,38,39,39,39,39,39,39,39,3.2168796062469482,11.381431341171265,21.601771354675293,31.802212715148926,42.00839447975159,52.152485370635986,62.25108098983765,72.42124581336975,82.38608241081238,87.9662115573883,98.29686069488525,107.5785653591156,113.74976587295532,123.70416307449341,133.99818396568298,143.9284520149231,153.50136470794678,163.36454486846924,173.53864645957947,183.37835478782654,193.1799955368042,202.9424066543579,212.64933705329895,222.3811011314392,232.18728709220886,242.23403906822205,251.95124340057373,261.6721000671387,269.94484877586365,275.889297246933,289.4099771976471
10,ER_700_800_0.15_124,37,37,39,39,39,39,39,39,40,40,40,40,40,40,40,40,40,40,40,40,40,40,40,40,40,40,40,40,40,40,40,1.5236577987670898,8.138373851776123,18.120900630950928,28.354677200317383,38.315451860427856,48.31190061569214,58.435059785842896,68.3829231262207,78.28838348388672,88.44651222229004,98.32275724411011,108.14105987548828,117.85672283172607,127.6661958694458,137.36146473884583,147.08507561683655,156.42286252975464,163.76664996147156,170.38117599487305,183.27327346801758,186.58239150047302,196.23398876190186,205.85885071754456,215.12628984451294,224.73714971542358,234.26684761047363,243.7543079853058,253.31325101852417,262.50738978385925,272.0417740345001,281.55943727493286
11,ER_700_800_0.15_13,35,38,38,38,38,38,39,39,39,39,39,39,39,39,39,39,39,39,39,39,39,39,39,39,39,39,39,39,39,39,39,3.1690285205841064,11.140909194946289,21.485679149627686,31.505568742752075,41.85024070739746,51.85952067375183,61.989381551742554,66.48594379425049,77.87721395492554,86.12155890464783,94.14394617080688,104.44151496887207,114.44721388816833,124.46289825439453,134.77299070358276,144.7708296775818,155.07024884223938,164.66975283622742,174.65452766418457,184.64615440368652,194.9220380783081,204.86306476593018,215.16408157348633,225.05987977981567,235.0050232410431,245.19562458992004,249.3095724582672,260.3500063419342,268.8531320095062,275.72568702697754,285.6225366592407
12,ER_700_800_0.15_4,37,38,39,39,39,39,39,39,39,39,39,39,39,39,39,39,39,39,39,39,39,39,39,39,39,39,39,39,39,39,39,3.2392122745513916,11.484775304794312,21.424965381622314,31.57604455947876,41.551496267318726,51.467822790145874,61.493449449539185,71.52957606315613,81.39173007011414,91.2069845199585,100.95261287689209,110.71582674980164,120.59349226951599,130.42443561553955,140.26485085487366,146.0707232952118,155.5234603881836,165.60118627548218,168.66820287704468,178.30356121063232,187.88705039024353,197.53847980499268,207.24222993850708,216.62820863723755,226.1858720779419,235.76216292381287,245.33425998687744,254.84716296195984,264.4399309158325,273.7717294692993,283.09836173057556
13,ER_700_800_0.15_61,37,38,38,38,39,39,39,39,39,39,39,39,39,39,39,39,39,39,39,39,39,39,40,40,40,40,40,40,40,40,40,3.2145049571990967,11.55344843864441,22.0810067653656,32.07990002632141,42.47375130653381,46.62108254432678,58.94174289703369,66.19991731643677,74.26307535171509,84.49110269546509,94.32006502151489,104.06947708129883,113.7713930606842,123.52870988845825,133.29435777664185,142.97509694099426,152.62340331077576,162.3818483352661,172.01261401176453,181.5941503047943,190.62238264083862,200.21094965934753,209.7920572757721,219.27904772758484,228.53696203231812,232.29677414894104,246.58723044395447,249.8687481880188,258.578515291214,268.0153625011444,277.12238478660583
14,ER_700_800_0.15_71,36,37,39,39,39,39,39,39,39,39,39,39,39,39,39,39,39,39,39,39,39,39,39,39,39,39,39,39,39,39,39,3.2624318599700928,11.449014663696289,21.771953105926514,31.76714825630188,41.84126567840576,52.02408409118652,61.93197250366211,71.9143705368042,81.96764469146729,91.81746482849121,101.69916105270386,111.52344536781311,121.5957772731781,131.36912441253662,135.45955061912537,146.9751377105713,154.98311686515808,162.78984475135803,172.42149448394775,182.09159088134766,191.74578070640564,201.2480001449585,210.8880112171173,220.3211579322815,229.6454634666443,239.24135875701904,248.67001605033875,258.2148656845093,267.7121548652649,276.81117606163025,286.14697217941284
15,ER_700_800_0.15_94,37,39,39,39,39,39,39,39,39,39,39,39,39,39,39,39,39,39,39,39,39,39,39,39,39,39,39,39,39,39,39,2.992318630218506,10.892467737197876,21.161744356155396,30.400859117507935,34.332552433013916,49.426734924316406,52.8573431968689,62.880252838134766,72.71971321105957,82.5733094215393,92.26235508918762,102.02408504486084,111.5964982509613,121.02171182632446,130.51318502426147,140.1317126750946,149.65374422073364,159.22519159317017,168.74601674079895,177.96124148368835,187.4280195236206,196.81068348884583,206.22364592552185,213.73807454109192,220.45924854278564,233.15565037727356,236.06786108016968,245.47945404052734,254.55604529380798,263.97106409072876,273.3046109676361
16,ER_700_800_0.15_84,37,39,39,39,39,39,39,39,39,39,39,39,39,39,39,39,39,39,39,39,39,39,39,39,39,39,39,39,39,39,39,3.3878555297851562,11.464759588241577,21.71707272529602,31.627246379852295,41.811957359313965,51.59274220466614,61.38590717315674,71.12872242927551,80.86271333694458,90.52585554122925,100.03146362304688,109.66144275665283,119.17323231697083,124.10363554954529,134.05097031593323,143.57018566131592,148.50952076911926,157.6446807384491,166.9534261226654,176.3113944530487,185.3501009941101,194.62812757492065,203.6741282939911,212.80168080329895,221.89394211769104,230.353111743927,239.2630546092987,248.31349182128906,257.31547570228577,266.1445662975311,274.9696378707886
17,ER_700_800_0.15_12,37,37,38,38,38,38,38,38,38,38,38,38,38,38,38,38,38,39,39,39,39,39,39,39,39,39,39,39,39,39,39,3.166408061981201,11.355515956878662,21.579222440719604,31.07325029373169,36.60576343536377,50.71559000015259,54.09192442893982,64.05626201629639,74.03742027282715,84.2810127735138,94.26312947273254,104.23668932914734,114.49895286560059,124.41619825363159,134.5291268825531,144.6017301082611,154.48317909240723,164.34677648544312,174.50159883499146,184.3662302494049,194.2537546157837,204.12502431869507,213.87602066993713,218.2582504749298,233.20823621749878,235.61213970184326,245.0882568359375,254.8282105922699,264.79710602760315,274.69673252105713,284.5582048892975
18,ER_700_800_0.15_125,37,39,39,39,39,39,39,39,39,39,39,39,39,39,39,39,39,39,39,39,39,39,39,39,39,39,39,39,39,39,39,3.4244627952575684,11.74936318397522,21.695335388183594,31.90856957435608,41.67726373672485,51.399497985839844,61.12784147262573,70.89385533332825,80.45346546173096,89.69652843475342,99.23278737068176,108.64285922050476,113.44495463371277,122.50578188896179,132.7358591556549,137.24664115905762,146.55870509147644,155.5369668006897,164.70334005355835,173.73817563056946,182.65557670593262,191.71586632728577,200.75678896903992,209.60618615150452,218.40004968643188,227.62279438972473,236.41208338737488,245.17736291885376,254.03047895431519,262.63400077819824,271.54547905921936
19,ER_700_800_0.15_70,37,38,38,38,38,38,38,38,38,38,38,38,39,39,39,39,39,39,39,39,39,39,39,39,39,39,39,39,39,39,39,2.889838218688965,11.147504329681396,21.117876052856445,25.73120880126953,38.05870604515076,45.355780601501465,51.59568190574646,61.78564143180847,71.63702416419983,81.51978135108948,91.31809377670288,101.5046374797821,111.42420291900635,121.21037936210632,130.90306997299194,140.65170550346375,150.48995161056519,160.48035502433777,170.07806134223938,179.79289031028748,189.43862438201904,199.18251991271973,207.49147009849548,211.70959544181824,226.35940885543823,229.8387155532837,239.38096451759338,248.99951219558716,258.59881567955017,268.19978737831116,277.7774577140808
20,ER_700_800_0.15_60,36,37,39,39,39,39,39,39,39,39,39,39,39,39,39,39,39,39,39,39,39,39,39,39,39,39,39,39,39,39,39,3.3418140411376953,11.577237844467163,21.543219804763794,31.90350031852722,41.849061489105225,52.04567313194275,62.01533555984497,71.91263842582703,81.7183518409729,91.53795433044434,101.28630352020264,111.15997171401978,114.08218121528625,128.16610980033875,133.61812591552734,141.36392831802368,150.9935986995697,160.6239936351776,169.9026906490326,179.43485689163208,189.01979613304138,198.4869499206543,207.9211082458496,217.11018776893616,226.60924243927002,235.68216228485107,245.13647317886353,254.34009385108948,263.65488505363464,273.022447347641,282.08129024505615
21,ER_700_800_0.15_5,36,37,38,39,39,39,39,39,39,39,39,39,39,39,39,39,39,40,40,40,40,40,40,40,40,40,40,40,40,40,40,2.8269598484039307,10.783671617507935,14.953314542770386,18.527087926864624,33.755706787109375,36.073322057724,45.97915172576904,56.10243511199951,65.97520852088928,75.88666892051697,85.68528079986572,95.88101625442505,105.64006924629211,115.38999104499817,125.13273024559021,134.93044114112854,144.6831614971161,154.4113883972168,164.08966755867004,173.79580926895142,183.45542764663696,193.0744330883026,198.75654792785645,206.70467472076416,218.1613917350769,222.55640149116516,232.17284631729126,241.69812107086182,251.0886468887329,260.6149616241455,270.10035276412964
22,ER_700_800_0.15_56,38,38,38,38,38,38,38,38,38,38,38,38,38,38,38,38,38,38,38,38,38,38,38,38,38,38,38,38,38,38,38,3.279325008392334,11.531858205795288,21.45613384246826,31.2170467376709,40.69262480735779,50.20625615119934,59.42658090591431,68.69116115570068,77.79559564590454,86.95548701286316,95.90209245681763,105.07820725440979,111.68940758705139,116.61627221107483,130.08851766586304,133.36686182022095,142.06186962127686,150.76032614707947,159.53671669960022,168.1750509738922,176.8548538684845,185.51811265945435,194.21100330352783,202.8634603023529,211.44722604751587,220.06520557403564,228.64765572547913,237.31241393089294,245.93578505516052,254.58416891098022,263.18458580970764
23,ER_700_800_0.15_46,37,39,39,39,39,39,39,39,39,39,39,39,39,39,39,39,39,39,39,39,39,39,39,39,39,39,39,39,39,39,39,3.678725004196167,11.82724118232727,22.013221502304077,31.47223448753357,35.968133211135864,51.07063317298889,54.880759954452515,64.68732190132141,74.18649172782898,83.91674971580505,93.52534127235413,103.10862445831299,112.61912631988525,121.96402883529663,131.500825881958,141.02275371551514,150.35046863555908,159.57610964775085,168.93107509613037,178.02439761161804,187.35916423797607,196.60007095336914,205.7408640384674,214.7106966972351,218.40840458869934,232.20147442817688,235.8308744430542,244.16069221496582,253.09518337249756,261.96698021888733,271.203875541687
24,ER_700_800_0.15_113,37,39,39,39,39,39,39,39,39,39,39,39,39,39,39,39,39,39,39,39,39,39,39,39,39,39,39,39,39,39,39,3.2246711254119873,11.162301778793335,21.32321786880493,31.17416524887085,40.98177647590637,50.83517622947693,60.89595913887024,70.67730665206909,80.3534004688263,90.03173065185547,99.2594645023346,108.76365971565247,118.18117070198059,126.097740650177,132.1597719192505,145.49100017547607,149.99512577056885,159.28724884986877,168.5186324119568,177.8816156387329,187.05917263031006,196.26525235176086,205.42338395118713,214.54955530166626,223.6438148021698,232.75367259979248,241.6822328567505,250.78918147087097,259.81985998153687,268.82737970352173,277.94801211357117
25,ER_700_800_0.15_34,36,37,38,38,38,38,38,38,38,38,38,38,38,39,39,39,39,39,39,39,39,39,39,39,39,39,39,39,39,39,39,3.3793795108795166,11.719942092895508,21.734129190444946,30.78775691986084,36.570764780044556,50.522255182266235,54.34365367889404,64.6452054977417,74.63144946098328,84.7146987915039,94.83180904388428,104.71860337257385,114.39424753189087,124.43280291557312,134.49611592292786,144.3874933719635,154.26696109771729,164.41651511192322,174.3497667312622,184.2212040424347,194.05737042427063,204.30346512794495,213.48231434822083,216.6089162826538,231.5104684829712,235.14026379585266,243.64317393302917,253.50875878334045,263.29822301864624,273.10299277305603,282.970468044281
26,ER_700_800_0.15_103,38,38,38,38,38,38,39,39,39,39,39,39,39,39,39,39,39,39,39,39,39,39,39,39,39,39,39,39,39,39,39,3.5029404163360596,11.45650315284729,21.78393840789795,31.74560523033142,41.706685304641724,51.92278599739075,61.869667291641235,71.72386717796326,81.51222681999207,91.19743609428406,100.89567279815674,110.5949923992157,115.21482872962952,128.2636079788208,134.55869102478027,142.53580164909363,151.98234105110168,161.4899218082428,170.59962821006775,180.07222199440002,189.3809757232666,198.56098794937134,207.91346192359924,217.02165126800537,226.3655300140381,235.44534158706665,244.73450112342834,253.7325677871704,262.98312544822693,271.99990606307983,280.91670846939087
27,ER_700_800_0.15_24,36,36,39,39,39,39,39,39,39,39,39,39,39,39,39,39,39,39,39,39,39,39,39,39,39,39,39,39,39,39,39,3.040982961654663,11.259756565093994,17.01310157775879,27.728282928466797,36.73371887207031,44.84634447097778,55.162548542022705,65.10329151153564,75.37292623519897,85.31855726242065,95.5945737361908,105.54812598228455,115.50076937675476,125.71508431434631,135.647155046463,145.52978110313416,155.60963010787964,165.5374870300293,175.66243028640747,185.66927313804626,195.56371140480042,200.8978407382965,216.0035879611969,219.13999032974243,229.3194968700409,239.203754901886,249.10433292388916,258.99491930007935,269.1287684440613,278.9825131893158,288.8487207889557
28,ER_700_800_0.15_69,36,39,39,39,39,39,39,39,39,39,39,39,39,39,39,39,39,39,39,39,39,39,39,39,39,39,39,39,39,39,39,3.0290722846984863,11.269893646240234,21.207069396972656,31.33431649208069,41.369927406311035,51.16851091384888,60.97866773605347,70.64844346046448,80.34029984474182,89.93647956848145,92.85810685157776,106.11477136611938,112.36864709854126,120.35937643051147,129.8609583377838,138.86153531074524,148.14242887496948,157.6214737892151,166.8620491027832,176.17224955558777,185.47012066841125,194.56195306777954,203.8319001197815,212.90468406677246,222.15597653388977,231.11726570129395,240.40450739860535,249.2909939289093,258.4322566986084,267.4292862415314,274.73607873916626
29,ER_700_800_0.15_79,38,38,39,39,39,39,39,39,39,39,39,39,39,39,39,39,39,39,39,39,39,39,39,39,39,39,39,39,39,39,39,3.1204516887664795,15.188162565231323,21.049930572509766,29.31128692626953,39.39499759674072,49.225102186203,58.857967138290405,68.45495629310608,78.16273617744446,87.40222334861755,96.96163368225098,106.44112801551819,115.57911968231201,124.98954486846924,134.29306602478027,143.38414359092712,152.67648673057556,161.63566136360168,170.57859992980957,179.81208419799805,184.75759506225586,196.2899730205536,203.98577904701233,210.31591749191284,219.37400078773499,228.17824459075928,236.97154927253723,245.7543671131134,254.49992489814758,263.23341250419617,272.02132630348206
30,ER_700_800_0.15_118,37,37,37,37,37,39,39,39,39,39,39,39,39,39,39,39,39,39,39,39,39,39,39,39,39,39,39,39,39,39,39,2.9968714714050293,11.285800457000732,21.342924118041992,31.66912031173706,41.66900610923767,52.01785182952881,61.96248936653137,72.01160001754761,82.1447024345398,91.939453125,95.99685740470886,110.68707942962646,115.6111307144165,124.1118392944336,133.96107268333435,143.76698923110962,153.62408185005188,163.38585758209229,173.2838020324707,182.621502161026,192.39669561386108,202.05113005638123,211.76081252098083,221.61326599121094,231.4454152584076,241.39169549942017,251.05585193634033,260.7255516052246,270.54215598106384,278.03751945495605,284.5766177177429
31,ER_700_800_0.15_108,37,38,38,38,38,38,38,38,38,38,38,38,38,38,38,38,38,38,39,39,39,39,39,39,39,39,39,39,39,39,39,3.924166440963745,13.073176383972168,19.12536358833313,29.123799562454224,39.206653356552124,49.32353758811951,59.249300718307495,69.49481987953186,79.41968965530396,89.37095260620117,99.57747268676758,109.43330574035645,119.34198546409607,129.28797316551208,139.2981300354004,149.13063883781433,159.01061153411865,168.85280513763428,176.06355810165405,183.87446522712708,195.43373489379883,199.06410026550293,208.8949854373932,218.75785660743713,228.8040475845337,238.55148887634277,248.2659375667572,258.0111291408539,267.83335065841675,277.5306022167206,287.24501371383667
32,ER_700_800_0.15_86,36,38,38,38,38,38,38,38,38,38,38,38,38,38,38,38,38,38,38,38,38,38,38,38,38,38,38,38,38,38,38,3.1377086639404297,11.42201542854309,21.435129165649414,31.783284902572632,41.79371762275696,52.111721992492676,62.09456419944763,71.19402170181274,75.56206464767456,90.71818447113037,92.91948175430298,102.95344281196594,113.00522828102112,122.92209386825562,132.84283423423767,143.0692138671875,153.01605343818665,162.9197506904602,172.9261393547058,182.94127678871155,192.77043390274048,202.56463027000427,212.36698842048645,222.22289872169495,232.24438047409058,242.07785367965698,251.89659333229065,255.91405844688416,268.35292387008667,275.4411337375641,284.10968923568726
33,ER_700_800_0.15_96,36,38,38,38,38,38,38,38,38,38,38,38,38,38,38,38,38,38,38,38,38,38,38,38,38,38,38,39,39,39,39,2.9363999366760254,10.889175653457642,21.192656755447388,31.024845123291016,41.01688098907471,51.34303331375122,61.34844923019409,71.62372279167175,81.49523520469666,91.51919531822205,101.90931367874146,111.88889575004578,122.2261962890625,132.17468428611755,142.36706447601318,152.34779453277588,154.87521815299988,170.09372234344482,175.111008644104,185.35283136367798,195.21412897109985,204.7508466243744,214.70308184623718,224.62246227264404,234.8787705898285,244.7823405265808,254.6484169960022,264.617796421051,274.67087721824646,284.5216886997223,294.4698836803436
34,ER_700_800_0.15_62,38,38,38,40,40,40,40,40,40,40,40,40,40,40,40,40,40,40,40,40,40,40,40,40,40,40,40,40,40,40,40,3.2119240760803223,11.559685945510864,21.573853492736816,31.96546983718872,41.11031889915466,45.84882068634033,60.67363357543945,62.76387071609497,72.95773601531982,82.85119843482971,92.75673699378967,102.62272119522095,112.76134324073792,122.63988065719604,132.4090268611908,142.2099323272705,152.04761576652527,161.86195969581604,171.5460822582245,181.25425457954407,191.01188588142395,200.77019095420837,210.3620674610138,220.06077647209167,225.52819180488586,234.6178572177887,245.05764865875244,250.42108249664307,260.0573778152466,269.6457026004791,279.187536239624
35,ER_700_800_0.15_72,36,39,39,39,39,39,39,39,39,39,39,39,39,39,39,39,39,39,39,39,39,39,39,39,39,39,39,39,39,39,39,3.27972412109375,11.625828981399536,21.657949686050415,32.013012409210205,42.01112961769104,51.961435317993164,62.11660599708557,71.98394823074341,81.87760782241821,91.74310564994812,101.75658917427063,111.73878121376038,121.51095509529114,128.94194149971008,134.05641508102417,148.48702001571655,152.76090693473816,162.48919653892517,172.06629729270935,181.6147379875183,191.3116524219513,200.79450058937073,210.35689163208008,219.64958119392395,229.13743472099304,238.39772939682007,247.99246668815613,257.5161747932434,266.9998211860657,276.29176926612854,285.720575094223
36,ER_700_800_0.15_7,37,39,39,40,40,40,40,40,40,40,40,40,40,40,40,40,40,40,40,40,40,40,40,40,40,40,40,40,40,40,40,3.289980173110962,11.567980766296387,21.544209480285645,27.055518627166748,37.15747547149658,46.56982731819153,53.66336941719055,63.54665279388428,73.12017035484314,82.83531332015991,92.58864259719849,102.12012696266174,111.65540051460266,121.2285361289978,130.74428534507751,140.1819989681244,149.61459374427795,158.81924867630005,168.29982495307922,177.4943974018097,186.75762128829956,196.11616563796997,205.19122529029846,209.80028247833252,219.95024394989014,229.04991841316223,230.02116298675537,237.30369210243225,246.41204261779785,255.29878759384155,264.5616383552551
37,ER_700_800_0.15_127,37,40,40,40,40,40,40,40,40,40,40,40,40,40,40,40,40,40,40,40,40,40,40,40,40,40,40,40,40,40,40,2.9982404708862305,10.961214065551758,20.85991334915161,31.049206495285034,40.875223875045776,50.743868589401245,60.486422538757324,70.15408635139465,79.82942199707031,89.47192478179932,98.98031949996948,108.25878596305847,117.7963752746582,127.23880958557129,130.07204151153564,143.57939839363098,149.04488062858582,156.0691351890564,165.37562012672424,174.39038276672363,183.40586519241333,192.63631939888,201.6082353591919,210.77977466583252,219.7611105442047,228.6035614013672,237.5397675037384,246.6298053264618,255.49052262306213,264.0138657093048,272.84046053886414
38,ER_700_800_0.15_10,36,37,38,39,39,39,39,39,39,39,39,39,39,39,39,39,39,39,39,39,39,39,39,39,39,39,39,39,39,39,39,3.2077760696411133,11.510464906692505,21.60161828994751,31.951850414276123,39.52884650230408,46.804078102111816,59.281938791275024,64.48276209831238,74.47189331054688,84.58294200897217,94.74517273902893,104.73182821273804,114.86760401725769,124.97524452209473,134.92742228507996,145.2204728126526,155.1751787662506,165.13377356529236,175.25915265083313,185.1952977180481,195.03952980041504,204.9271011352539,214.84111428260803,222.8177797794342,228.2817451953888,242.47697925567627,244.62524461746216,254.38959217071533,264.2331073284149,274.364461183548,283.89528822898865
39,ER_700_800_0.15_101,38,38,38,38,39,40,40,40,40,40,40,40,40,40,40,40,40,40,40,40,40,40,40,40,40,40,40,40,40,40,40,2.8702168464660645,10.883878231048584,20.731276035308838,30.809810876846313,40.57301950454712,50.32714366912842,59.95807456970215,69.58577990531921,79.12327671051025,88.69565105438232,98.19312024116516,107.61100196838379,116.82574915885925,122.10395979881287,130.69577932357788,141.383953332901,146.576256275177,155.88626289367676,164.79924058914185,174.06941080093384,182.93832516670227,192.07301473617554,201.06448602676392,209.89153623580933,219.09187984466553,227.8413326740265,236.71815729141235,245.74983835220337,254.55923795700073,263.36313557624817,272.1666011810303
40,ER_700_800_0.15_26,36,36,36,37,38,38,38,39,39,39,39,39,39,39,39,39,39,39,39,39,39,39,39,39,39,39,39,39,39,39,39,2.9249627590179443,11.142292737960815,20.977725505828857,30.831615209579468,34.95738339424133,50.13900589942932,52.83886456489563,62.935044288635254,72.8655173778534,82.79895663261414,92.9832112789154,102.93214106559753,112.82569003105164,122.83658695220947,132.74473333358765,142.53027415275574,152.36429286003113,162.18826508522034,172.0219156742096,181.75210809707642,191.52340531349182,201.3242347240448,211.30975532531738,215.48008704185486,227.6569561958313,234.90654754638672,241.43250465393066,251.11700105667114,260.8100371360779,270.274662733078,279.9711916446686
41,ER_700_800_0.15_111,37,38,38,38,38,39,39,39,39,39,39,39,39,39,39,39,39,39,39,39,39,40,40,40,40,40,40,40,40,40,40,3.1352691650390625,11.40574836730957,21.46004557609558,31.484674215316772,41.42961406707764,51.330825090408325,61.25097465515137,71.09613680839539,80.83618640899658,90.59026384353638,100.28784608840942,109.64300346374512,117.47674250602722,125.39456081390381,137.0159821510315,142.39269018173218,151.8384439945221,161.06323909759521,170.42015552520752,179.75347447395325,188.9222264289856,198.25575947761536,207.55476999282837,216.63638758659363,225.91892290115356,234.97812700271606,244.1975929737091,253.2657597064972,262.27810072898865,271.4874577522278,280.40123891830444
42,ER_700_800_0.15_36,37,38,39,39,39,39,39,39,39,39,39,39,39,39,39,39,39,39,39,39,39,39,39,39,39,39,39,39,39,39,39,3.275839328765869,11.462167024612427,19.818923234939575,27.29619312286377,39.35895538330078,40.51582193374634,49.80920147895813,58.70344042778015,67.53017902374268,76.6516854763031,85.3721137046814,94.09550666809082,102.78865170478821,111.48039603233337,120.10703420639038,128.70154237747192,137.33279180526733,145.97481894493103,154.61129236221313,163.02323627471924,171.4316599369049,179.98833179473877,188.51884579658508,197.1558861732483,203.44066858291626,211.51552605628967,222.66891932487488,226.21651697158813,234.78765964508057,243.28479313850403,251.7916316986084
43,ER_700_800_0.15_44,37,39,39,39,39,40,40,40,40,40,40,40,40,40,40,40,40,40,40,40,40,40,40,40,40,40,40,40,40,40,40,3.199734687805176,11.190197229385376,21.553738355636597,31.475170373916626,41.37248206138611,51.1539032459259,61.074328660964966,70.81962513923645,80.80815029144287,90.0795042514801,99.7633376121521,109.2253692150116,118.8532121181488,128.39145255088806,134.8684024810791,141.5327045917511,154.34562802314758,157.85004711151123,166.96649384498596,176.30145001411438,185.35771417617798,194.6783893108368,203.67949318885803,213.04538774490356,221.9726119041443,231.33336997032166,240.25031208992004,249.26664996147156,258.46459197998047,267.3371181488037,276.41879200935364
44,ER_700_800_0.15_54,37,38,38,38,38,38,38,38,38,38,38,38,38,38,38,38,38,38,38,39,39,39,39,39,39,39,39,39,39,39,39,3.0328314304351807,11.189074993133545,21.214895248413086,31.402029275894165,41.367674112319946,44.52226424217224,59.741841554641724,64.65097761154175,74.51398849487305,84.3385260105133,94.49783229827881,103.74371027946472,113.74384069442749,123.51593446731567,133.27381086349487,142.91068935394287,152.59072756767273,162.29730439186096,171.93054270744324,181.4615294933319,191.04143571853638,200.6450479030609,210.13533687591553,219.57960748672485,224.82799410820007,234.7614288330078,244.1253879070282,250.87059044837952,260.1600511074066,269.530827999115,278.9962706565857
45,ER_700_800_0.15_19,37,38,38,38,39,39,39,40,40,40,40,40,40,40,40,40,40,40,40,40,40,40,40,40,40,40,40,40,40,40,40,3.0622851848602295,11.080145597457886,21.263112545013428,31.14522624015808,41.21637272834778,51.24108362197876,61.12031841278076,70.97174334526062,80.93379878997803,90.91299390792847,100.61009883880615,110.29863834381104,120.01903223991394,127.26227355003357,133.52413272857666,146.77227115631104,151.22895073890686,160.80980896949768,170.384756565094,179.90490984916687,189.38968920707703,198.78354787826538,208.3388156890869,217.88706493377686,227.29041528701782,236.4946484565735,245.9523675441742,255.3554127216339,264.494268655777,273.8482689857483,282.9421362876892
46,ER_700_800_0.15_37,37,39,39,39,39,39,39,39,39,39,39,39,39,39,39,39,39,39,39,39,39,39,39,39,39,39,39,39,39,39,39,3.29913330078125,11.414232969284058,21.609164237976074,27.67607045173645,39.23105549812317,47.284966230392456,54.15945267677307,64.09316396713257,74.03656888008118,84.26801204681396,94.21850061416626,104.0977029800415,114.03088784217834,123.9673125743866,133.73263454437256,143.49682116508484,153.25849199295044,163.0832929611206,172.85250329971313,182.64006662368774,192.31299114227295,202.07026028633118,210.1997628211975,217.11917233467102,229.64169096946716,234.3253026008606,244.0865285396576,253.6645107269287,263.33865189552307,272.9635009765625,282.55795550346375
47,ER_700_800_0.15_110,36,37,37,37,37,37,39,39,39,39,39,39,39,39,39,39,39,39,39,39,39,39,39,39,39,39,39,39,39,39,39,3.095195770263672,11.127733707427979,21.402403831481934,31.36347222328186,41.68825674057007,51.61170172691345,61.775076389312744,71.73634219169617,81.51139307022095,91.2880585193634,101.12161636352539,110.08959412574768,114.95720672607422,129.67104530334473,133.2951304912567,142.62228560447693,152.23443341255188,161.8839509487152,171.38419914245605,180.79278898239136,190.2128415107727,199.6284453868866,209.11990690231323,218.59212017059326,227.71361923217773,237.1728000640869,246.59388780593872,255.87719798088074,265.16341733932495,274.47788643836975,283.96484875679016
48,ER_700_800_0.15_27,36,38,38,38,38,38,39,39,39,39,39,39,39,39,39,39,39,39,39,39,39,39,39,39,39,39,39,39,39,39,39,3.1599299907684326,8.544331550598145,15.694269895553589,28.052005767822266,32.88075375556946,42.969521284103394,52.89439058303833,62.99008750915527,72.98019123077393,82.85739517211914,92.68818497657776,102.86883807182312,112.65437722206116,122.42875099182129,132.1804370880127,141.97716546058655,151.86520099639893,161.21976566314697,170.97615432739258,181.05788278579712,190.35679650306702,194.366760969162,209.183109998703,212.02497911453247,221.49101328849792,231.10164260864258,240.78003120422363,250.4591372013092,260.02958393096924,269.50198125839233,279.19900035858154
49,ER_700_800_0.15_100,37,41,41,41,41,41,41,41,41,41,41,41,41,41,41,41,41,41,41,41,41,41,41,41,41,41,41,41,41,41,41,2.905366897583008,11.170689821243286,21.13825297355652,31.42446208000183,41.36898136138916,51.289992332458496,61.20292377471924,71.43109893798828,81.2586441040039,91.05209374427795,95.76477599143982,107.25695419311523,115.29299139976501,121.72635579109192,131.27457427978516,140.9337866306305,150.48849606513977,160.09271264076233,169.03744339942932,178.5010597705841,187.92163515090942,197.2565143108368,206.51398611068726,215.8776400089264,225.36656212806702,234.4353063106537,243.82558417320251,252.9494912624359,262.2331976890564,271.55973529815674,278.1872236728668
50,ER_700_800_0.15_55,37,38,38,38,38,39,39,39,39,39,39,39,39,39,39,39,39,39,39,39,39,39,39,39,39,39,39,39,39,39,39,2.468914031982422,14.625966548919678,20.46164035797119,28.506880283355713,38.39324879646301,48.195403814315796,57.803600788116455,67.0383813381195,76.54746317863464,85.99274754524231,95.29726505279541,104.5453610420227,113.84785795211792,122.88673663139343,132.12028098106384,141.25672364234924,150.32313132286072,159.3153591156006,168.42179083824158,177.3110954761505,182.1536509990692,185.2809784412384,198.89465522766113,203.07426929473877,210.41019487380981,219.27805995941162,228.04000759124756,236.7227759361267,245.49435949325562,254.20751357078552,263.000510931015
51,ER_700_800_0.15_45,36,36,37,37,38,38,38,38,38,38,38,38,41,41,41,41,41,41,41,41,41,41,41,41,41,41,41,41,41,41,41,3.001946210861206,11.215741634368896,21.329036951065063,31.506668090820312,41.48508071899414,51.72403955459595,61.66402578353882,71.59668564796448,81.7935574054718,91.70517253875732,101.5523328781128,107.9196527004242,121.06925177574158,124.73080062866211,134.63852214813232,144.79982352256775,154.65630340576172,164.58428120613098,174.62642312049866,184.47033953666687,194.30117464065552,204.17201924324036,213.65874648094177,223.50011587142944,233.53424906730652,243.36740112304688,253.1757037639618,262.8872263431549,272.60511207580566,282.56216955184937,285.1262080669403
52,ER_700_800_0.15_18,39,39,39,39,39,39,39,39,39,39,39,39,39,39,39,39,39,39,39,40,40,40,40,40,40,40,40,40,40,40,40,4.314636945724487,16.6951801776886,19.818756103515625,28.532231092453003,38.417280435562134,48.601399660110474,58.449084997177124,68.29971265792847,78.09299206733704,87.9719443321228,97.76737475395203,107.58242273330688,117.2448341846466,127.05658674240112,136.65952730178833,146.15867805480957,155.74926447868347,165.21838760375977,174.74215507507324,181.94548845291138,187.23551607131958,201.31104588508606,204.80258321762085,213.90408730506897,223.20755004882812,232.6951768398285,241.970600605011,251.31793332099915,260.6961257457733,269.92219614982605,279.1998836994171
53,ER_700_800_0.15_97,36,38,40,40,40,40,40,40,40,40,40,40,40,40,40,40,40,40,40,40,40,40,40,40,40,40,40,40,40,40,40,3.256601333618164,11.580000638961792,21.576682806015015,31.85152792930603,41.68083047866821,51.50761294364929,61.29317545890808,71.09381198883057,80.86927199363708,86.27476119995117,97.22894597053528,105.67284965515137,111.68348670005798,121.26402425765991,130.71296906471252,140.06469798088074,149.55999064445496,159.02781081199646,168.33665227890015,177.63336753845215,187.11611199378967,196.15619254112244,205.57598686218262,219.46060013771057,228.81031608581543,237.48674154281616,246.86394119262695,255.79442167282104,265.0370259284973,268.3566813468933,280.30073618888855
54,ER_700_800_0.15_87,37,38,38,38,38,38,38,38,38,38,38,38,38,38,38,38,38,38,38,38,38,38,38,38,38,38,38,39,39,39,39,3.9877562522888184,7.608728408813477,15.501927375793457,25.493824243545532,35.71118211746216,45.691962003707886,55.56456136703491,65.69285202026367,75.5784502029419,85.36549854278564,95.1310167312622,104.98052525520325,114.69771885871887,124.38131213188171,134.9447364807129,148.06608176231384,159.98646712303162,172.80684995651245,181.04198956489563,188.04567503929138,200.64698672294617,203.63927388191223,215.01137614250183,227.15329670906067,239.7450442314148,252.44918036460876,264.4536430835724,276.8399040699005,289.1489474773407,302.0663285255432,314.31432032585144
55,ER_700_800_0.15_109,38,38,38,38,39,39,39,39,39,39,39,39,39,39,39,39,39,39,39,39,39,39,39,39,39,39,39,39,39,39,39,4.566599607467651,17.616259574890137,31.635679483413696,46.66838884353638,62.59390449523926,77.42634177207947,93.51725959777832,108.4485194683075,123.59560084342957,140.5572009086609,154.9036738872528,170.52187609672546,184.9812295436859,197.888587474823,207.02324295043945,217.09719562530518,228.31992483139038,240.296080827713,252.59880375862122,264.2301359176636,275.68378829956055,288.38027572631836,300.03763604164124,312.6428472995758,324.4879903793335,338.2534866333008,350.9720582962036,358.0673041343689,377.5605323314667,389.605051279068,403.4133176803589
56,ER_700_800_0.15_119,38,38,38,38,38,38,38,38,38,39,39,39,39,39,39,39,39,39,39,39,39,39,39,39,39,39,39,39,39,39,39,4.165813446044922,16.837390422821045,32.216432094573975,48.375181436538696,64.29574728012085,79.68568849563599,95.25454139709473,110.97488570213318,125.81770300865173,141.69681906700134,157.04249501228333,172.83552527427673,188.02370309829712,203.49627256393433,218.42003440856934,233.51620817184448,250.1637167930603,263.93112659454346,277.8917121887207,292.727840423584,306.40163683891296,320.93989419937134,334.7568554878235,348.6459131240845,362.92684864997864,375.8731837272644,390.3585305213928,404.17183923721313,417.8027546405792,431.8266806602478,445.6086392402649
57,ER_700_800_0.15_6,37,39,39,39,40,40,40,40,40,40,40,40,40,40,40,40,40,40,40,40,40,40,40,40,40,40,40,40,40,40,40,4.69528341293335,17.744393587112427,32.648622035980225,47.642343521118164,62.03271675109863,82.0414502620697,92.63227248191833,106.83465886116028,121.32207107543945,135.58196306228638,149.90202569961548,163.7769420146942,177.39779043197632,193.0833284854889,206.89556694030762,220.02092146873474,232.80077385902405,245.5510175228119,258.55692291259766,271.99779510498047,283.49557542800903,295.16446709632874,304.0899438858032,308.6050982475281,317.4191927909851,327.7554626464844,331.88711738586426,340.7336802482605,349.5273118019104,358.38464999198914,367.1759853363037
58,ER_700_800_0.15_73,37,38,38,38,38,38,38,38,38,38,38,38,38,39,39,39,39,39,39,39,39,39,39,39,39,39,39,39,39,39,39,2.7040841579437256,10.899899005889893,21.031282901763916,31.182528972625732,41.38337540626526,51.04880356788635,61.25092601776123,71.43326187133789,81.58193063735962,91.8372254371643,101.82066679000854,112.24070882797241,122.23908734321594,125.26635646820068,140.50734162330627,144.92770791053772,154.4493968486786,164.41330862045288,174.6977562904358,184.68670225143433,194.69354343414307,204.93684077262878,214.95929718017578,225.02380299568176,235.28029084205627,245.23087978363037,255.53608798980713,265.46423053741455,275.3349413871765,285.41118025779724,295.4895124435425
59,ER_700_800_0.15_63,37,39,39,39,40,40,40,40,40,40,40,40,40,40,40,40,40,40,40,40,40,40,40,40,40,40,40,40,40,40,40,3.1805734634399414,11.07042121887207,15.044296979904175,30.169459342956543,32.93030548095703,42.4554340839386,51.86814475059509,61.20489430427551,70.58555912971497,80.0318238735199,89.25925660133362,98.47164940834045,107.80829000473022,116.77093601226807,126.09202980995178,134.9607334136963,143.93006563186646,153.06764316558838,161.9354498386383,170.82952237129211,179.6073875427246,188.6373586654663,195.13987278938293,200.21771001815796,213.34965014457703,216.00143456459045,222.97807502746582,231.64140939712524,240.42579054832458,249.0334348678589,257.8679270744324
60,ER_700_800_0.15_11,36,37,39,39,39,39,39,39,39,39,39,39,39,39,39,39,39,39,39,39,39,39,39,39,39,39,39,39,39,39,39,3.098810911178589,11.133609294891357,21.2655291557312,31.407254457473755,41.40818166732788,51.64733362197876,61.64677572250366,71.64422035217285,81.88313055038452,91.6100013256073,101.49490475654602,111.74225115776062,120.12015414237976,126.22393107414246,139.67583322525024,142.95285725593567,152.79926109313965,162.62925577163696,172.41546893119812,182.17101097106934,191.8044195175171,201.58048105239868,211.3235366344452,221.08870577812195,230.74033284187317,240.41316270828247,250.10425782203674,259.8144266605377,269.44897294044495,279.1325886249542,288.78061270713806
61,ER_700_800_0.15_126,37,38,38,38,38,38,38,39,39,39,39,39,39,39,39,39,39,39,39,40,40,40,40,40,40,40,40,40,40,40,40,3.186413288116455,11.412453889846802,15.461437940597534,30.078420162200928,35.03545570373535,45.20374846458435,55.052786111831665,64.91119837760925,74.65324807167053,84.40204858779907,93.73788332939148,103.33323454856873,112.90668392181396,122.45553231239319,131.79716444015503,141.35722088813782,150.85343599319458,160.26726460456848,169.45205068588257,178.86215829849243,188.30204939842224,196.51141047477722,200.60864973068237,214.72530674934387,217.70638728141785,225.78501200675964,235.04349780082703,244.36662817001343,253.37462306022644,262.49929642677307,271.6006760597229
62,ER_700_800_0.15_3,37,37,37,37,38,38,38,38,38,38,38,38,38,38,38,38,38,38,38,38,38,38,38,38,40,40,40,40,40,40,40,2.996835470199585,11.051856279373169,21.151439428329468,31.063310623168945,41.265291929244995,51.175609827041626,60.98832321166992,71.06934905052185,80.99141359329224,90.82900714874268,100.64923644065857,107.82756495475769,113.29625606536865,127.17401146888733,130.9184045791626,140.88179397583008,150.78709983825684,160.59606409072876,170.35382962226868,180.2055184841156,189.9919011592865,199.81694197654724,209.46113514900208,219.26515769958496,229.10107493400574,239.0694272518158,248.62148022651672,258.2304196357727,267.79007387161255,277.6839497089386,287.27220249176025
63,ER_700_800_0.15_66,37,37,38,38,38,38,38,38,38,38,38,38,38,38,38,38,38,38,38,38,38,38,38,38,38,38,38,38,38,38,38,2.859395742416382,4.556699514389038,18.96200132369995,24.15740942955017,34.309112310409546,44.19418740272522,54.090513467788696,63.891735792160034,73.71246767044067,83.31905841827393,92.92023158073425,102.5628170967102,112.19029688835144,121.59825205802917,130.71330571174622,140.19735836982727,149.66585969924927,158.84947061538696,168.2061803340912,177.51202011108398,185.8035387992859,189.096186876297,203.0464494228363,206.969628572464,215.5673804283142,224.51417207717896,233.71722221374512,242.61196446418762,251.77155876159668,260.73589301109314,269.60799622535706
64,ER_700_800_0.15_76,38,38,39,39,39,39,39,39,39,39,39,39,39,39,39,39,39,39,39,39,39,39,39,39,39,39,39,39,39,39,39,2.9619743824005127,11.238157033920288,21.215643405914307,31.377275466918945,41.45184850692749,51.39495062828064,61.37648820877075,71.4044406414032,81.24260687828064,91.12735319137573,99.19374132156372,104.82832312583923,118.63596415519714,122.12098836898804,131.84973192214966,141.22074365615845,150.9741621017456,160.69720697402954,170.3248257637024,179.91698217391968,189.6133463382721,199.13365769386292,208.59574627876282,218.14205479621887,227.8045687675476,237.32988572120667,246.94352650642395,256.48605728149414,266.0180423259735,275.29161500930786,282.3171982765198
65,ER_700_800_0.15_123,37,38,39,39,39,39,39,39,39,39,39,39,39,39,39,39,39,39,39,39,39,39,39,39,39,39,39,39,39,39,39,2.612429618835449,14.83580207824707,20.749796152114868,29.507801294326782,39.548317670822144,49.66981220245361,59.625911235809326,69.50114035606384,79.68514370918274,89.5427987575531,99.3955545425415,109.17104887962341,118.93314814567566,128.87842631340027,138.79316973686218,147.92983293533325,157.6467423439026,167.43487763404846,176.91246008872986,183.24694204330444,191.71437430381775,202.69821071624756,207.06658697128296,216.711172580719,226.19252181053162,235.48283529281616,244.93005514144897,254.47575402259827,263.9351496696472,273.47494673728943,282.6157395839691
66,ER_700_800_0.15_14,37,38,38,38,38,38,38,38,38,38,38,38,38,38,38,38,38,38,38,38,38,38,38,38,38,38,38,38,38,38,38,2.96001935005188,11.297650575637817,21.342388153076172,31.812214612960815,41.87474727630615,52.221214056015015,62.199721336364746,72.28354334831238,82.4373140335083,86.63253808021545,101.7234787940979,106.0482234954834,116.02192974090576,126.15697264671326,136.0456666946411,145.92629599571228,155.72898387908936,165.74433064460754,175.5734724998474,185.34238123893738,195.15921878814697,204.99577569961548,214.78048658370972,224.5757715702057,234.24945211410522,243.98265624046326,253.6999864578247,263.43618178367615,267.21558928489685,279.40092849731445,286.79161524772644
67,ER_700_800_0.15_59,37,39,39,39,39,39,39,39,39,39,39,39,39,39,39,40,40,40,40,40,40,40,40,40,40,40,40,40,40,40,40,3.183910846710205,11.303056240081787,21.644253492355347,31.7538640499115,42.043110847473145,52.14986729621887,62.12338852882385,72.46156930923462,82.4853024482727,92.85881638526917,102.8395323753357,113.0156798362732,123.0908191204071,133.0750925540924,143.17751383781433,153.20609641075134,162.39682364463806,163.5463683605194,171.5103099346161,182.63391995429993,187.27619409561157,197.40438175201416,207.3465518951416,217.20388221740723,227.08732342720032,237.18378376960754,247.09351301193237,256.94318199157715,266.78616404533386,276.61609840393066,286.41578698158264
68,ER_700_800_0.15_49,38,39,39,40,40,40,40,40,40,40,40,40,40,40,40,40,40,40,40,40,40,40,40,40,40,40,40,40,40,40,40,3.0170416831970215,11.309288024902344,21.314272165298462,31.50895094871521,41.440327644348145,51.24242305755615,59.50210356712341,64.64920854568481,78.98396444320679,82.3700385093689,92.01269745826721,101.4442732334137,110.98086857795715,120.51626825332642,130.10618615150452,139.63384985923767,148.8007550239563,158.09946036338806,167.3779685497284,176.58302474021912,185.89121770858765,194.9640612602234,204.23053288459778,213.26935648918152,222.44418215751648,231.46130204200745,240.4150516986847,244.02060317993164,255.70005011558533,263.2515859603882,269.1034400463104
69,ER_700_800_0.15_82,38,38,39,39,39,39,39,39,39,39,39,39,39,39,39,39,39,39,39,39,39,39,39,39,39,39,39,39,39,39,39,3.2393882274627686,11.298753499984741,21.409757614135742,31.295576333999634,41.106988191604614,50.84106659889221,60.4931275844574,70.09881401062012,79.70776343345642,89.20602631568909,98.37186336517334,107.79242825508118,117.01473140716553,126.22092580795288,135.3788993358612,144.52676033973694,153.52506852149963,158.05287957191467,159.8243157863617,173.3274118900299,178.2175476551056,184.22353553771973,193.040598154068,201.9992926120758,211.02459168434143,219.9175214767456,228.67801356315613,237.47333765029907,246.21288895606995,254.98609948158264,263.9627540111542
70,ER_700_800_0.15_92,37,38,38,38,39,39,39,39,39,39,39,39,39,39,39,39,39,39,39,39,39,39,39,39,39,39,39,39,39,39,39,3.2243385314941406,11.264634370803833,21.335386991500854,31.504586219787598,41.393407106399536,51.220468282699585,61.04052543640137,71.08566927909851,77.96406507492065,85.60270929336548,97.45781564712524,101.88887572288513,111.49303412437439,120.99223113059998,130.2379858493805,139.79200839996338,149.3244504928589,158.70303559303284,167.527352809906,176.53335094451904,185.79864311218262,194.76723408699036,204.03428721427917,212.98230981826782,222.2486093044281,231.11319828033447,240.32521104812622,249.1744840145111,258.1011972427368,261.70990681648254,272.55767464637756
71,ER_700_800_0.15_22,38,38,38,39,39,39,39,39,39,39,39,39,39,39,40,40,40,40,40,40,40,40,40,40,40,40,40,40,40,40,40,4.0192015171051025,8.551396131515503,15.74491262435913,25.961987733840942,35.76110601425171,45.54328393936157,55.27141070365906,64.99517178535461,74.63804173469543,84.29301428794861,93.89280414581299,103.42186570167542,112.94133305549622,122.2941038608551,131.53178524971008,140.94167804718018,150.14754962921143,159.4480619430542,168.7569739818573,171.9978587627411,179.7242202758789,190.7981526851654,194.2559370994568,203.21008157730103,212.43907284736633,221.35872149467468,230.38510990142822,239.39849066734314,248.3428258895874,257.13481974601746,266.23517966270447
72,ER_700_800_0.15_105,36,38,38,38,38,38,38,38,38,38,38,39,39,39,39,39,39,39,39,39,39,39,39,39,39,39,39,39,39,39,39,2.8015356063842773,11.088388442993164,21.142897844314575,31.431878089904785,41.45176887512207,51.78031301498413,61.74839735031128,72.0951657295227,82.05955457687378,88.53543066978455,97.69424438476562,108.14137387275696,113.80254030227661,123.92055296897888,133.88157272338867,143.82643938064575,154.01537346839905,163.96809816360474,173.87188339233398,183.51410484313965,193.5803096294403,203.46708965301514,213.32756447792053,223.34370756149292,233.34420895576477,243.1239414215088,252.92960476875305,262.68854427337646,270.6438388824463,276.22790336608887,290.04153323173523
73,ER_700_800_0.15_32,36,38,38,38,39,39,39,39,39,39,39,39,39,39,39,39,39,39,39,39,39,39,39,39,39,39,39,39,39,39,39,1.6851856708526611,8.459299564361572,18.355473041534424,28.062453031539917,37.53932499885559,46.97792029380798,56.22999167442322,65.37156057357788,74.3309280872345,83.57448077201843,92.33830976486206,101.1789083480835,109.99843239784241,118.73769021034241,127.53144574165344,136.1796360015869,145.0269124507904,153.70125889778137,162.49346256256104,165.74376225471497,176.81981420516968,184.69598984718323,188.84252071380615,197.41635513305664,206.01363587379456,214.62027716636658,223.22933506965637,231.57031559944153,240.08231592178345,248.65681648254395,257.2420651912689
74,ER_700_800_0.15_115,37,38,38,40,40,40,40,40,40,40,40,40,40,40,40,40,40,40,40,40,40,40,40,40,40,40,40,40,40,40,40,3.2475390434265137,11.477368116378784,21.413342237472534,31.295682191848755,41.22648239135742,50.840877056121826,60.352660179138184,69.91045451164246,79.43073630332947,88.88295364379883,92.17064595222473,104.34955167770386,111.47166013717651,117.26549816131592,126.27725386619568,135.366601228714,144.39838004112244,153.34880256652832,162.2818706035614,171.3264603614807,180.23227858543396,189.0733540058136,197.8580503463745,206.55412697792053,215.2883062362671,224.3093707561493,233.07156562805176,241.8591799736023,250.63546681404114,259.3941719532013,268.0853900909424
75,ER_700_800_0.15_40,36,38,39,39,39,39,39,39,39,39,39,39,39,39,39,39,39,39,39,39,39,39,39,39,39,39,39,39,39,39,39,2.980057954788208,7.5536863803863525,17.23965549468994,27.104965925216675,32.440457582473755,42.36153817176819,52.59983849525452,62.5284857749939,72.42233395576477,82.39091992378235,92.49127721786499,102.29024362564087,112.10818576812744,121.95528841018677,131.69515919685364,141.40113830566406,151.09833884239197,160.79586267471313,170.44630527496338,180.13289523124695,189.83209896087646,191.90650177001953,206.1791079044342,211.34508085250854,218.76275515556335,228.0502004623413,237.65026021003723,247.15181016921997,256.75560331344604,266.160662651062,275.4370393753052
76,ER_700_800_0.15_50,37,37,37,38,38,38,38,40,40,40,40,40,40,40,40,40,40,40,40,40,40,40,40,40,40,40,40,40,40,40,40,3.1636221408843994,11.495456218719482,21.458110570907593,31.74898409843445,41.61641001701355,51.48066186904907,61.18999981880188,70.92259120941162,80.54176068305969,90.19055843353271,98.3487811088562,103.22392582893372,117.81920313835144,121.40722274780273,130.83664441108704,139.9777536392212,149.3004744052887,158.38829517364502,167.82811379432678,176.7927680015564,186.15961289405823,195.1167438030243,204.25286531448364,213.36229872703552,222.40316128730774,231.62675404548645,240.20983004570007,249.13686203956604,257.86632537841797,266.8180823326111,275.76076197624207
77,ER_700_800_0.15_114,40,40,40,40,40,40,40,40,40,40,40,40,40,40,40,40,40,40,40,40,40,40,40,40,40,40,40,40,40,40,40,2.895636558532715,6.823430776596069,16.7034969329834,26.413898706436157,33.273157835006714,43.17795705795288,53.09053039550781,62.88467478752136,73.0093400478363,82.86604833602905,92.69858956336975,102.45012974739075,112.26425957679749,122.02975368499756,131.85334515571594,141.65133690834045,151.28150725364685,160.91371846199036,170.50288271903992,180.0738809108734,189.0263237953186,192.4079761505127,206.98516964912415,211.53511571884155,220.89507269859314,230.4056053161621,239.95280122756958,248.86625289916992,258.37144207954407,267.8104147911072,277.03223156929016
78,ER_700_800_0.15_33,37,38,38,38,38,39,39,39,39,39,39,39,39,39,39,39,39,39,39,39,39,39,39,39,39,39,39,39,39,39,39,3.1097068786621094,11.382848978042603,21.19625186920166,30.877761363983154,40.38469099998474,49.89175820350647,59.07961177825928,68.45879936218262,77.53656315803528,86.70827627182007,94.96843791007996,96.90507745742798,110.51111483573914,116.13879609107971,121.55660438537598,130.4319839477539,139.0966546535492,147.65211820602417,156.3100152015686,164.95700216293335,173.59931755065918,182.30869007110596,190.9331398010254,199.51688838005066,208.1676263809204,216.8421459197998,225.45737552642822,234.06309628486633,242.64883160591125,250.75402164459229,259.2843313217163
79,ER_700_800_0.15_104,37,38,38,38,38,38,38,38,39,39,39,39,39,39,39,39,39,39,39,39,39,39,39,39,39,39,39,39,39,39,39,3.134795665740967,11.412368297576904,20.60944175720215,25.0557119846344,39.99628043174744,43.04173231124878,52.9729540348053,62.9816677570343,72.72389483451843,82.44861459732056,92.1874611377716,101.86832690238953,111.58392882347107,121.21400427818298,130.6761236190796,140.18052983283997,149.77093887329102,159.38620138168335,168.9366819858551,178.45104455947876,187.64493894577026,197.08739352226257,204.37688207626343,209.03288888931274,222.9891288280487,226.22762727737427,235.38652276992798,244.77170062065125,253.8580687046051,262.9197769165039,271.97130370140076
80,ER_700_800_0.15_23,36,38,38,40,40,40,40,40,40,40,40,40,40,40,40,40,40,40,40,40,40,40,40,40,40,40,40,40,40,40,40,3.270827531814575,11.500345706939697,21.459367990493774,31.698596954345703,41.61244535446167,51.55122900009155,61.6887047290802,71.53830146789551,81.35466074943542,91.14435601234436,100.96637964248657,110.73651361465454,116.04765462875366,127.7451708316803,135.69190073013306,142.91002368927002,152.591326713562,162.25929522514343,171.93753170967102,181.53657293319702,191.10192489624023,200.67556977272034,210.24891471862793,219.83301424980164,229.13937187194824,238.6555950641632,248.2311146259308,257.72054505348206,267.222873210907,276.12862181663513,285.61749362945557
81,ER_700_800_0.15_51,39,39,39,39,39,39,39,39,39,39,39,39,39,39,39,39,39,39,39,39,39,40,40,40,40,40,40,40,40,40,40,3.3171472549438477,11.631522417068481,17.645646810531616,31.559454679489136,35.09016418457031,44.93284368515015,54.76097750663757,64.61549258232117,74.55666184425354,84.4924967288971,94.23829555511475,103.93989038467407,113.65267586708069,123.28411841392517,132.71417760849,142.1929693222046,151.74792385101318,161.29543924331665,170.7512707710266,180.0961537361145,189.5770411491394,196.08872866630554,203.94777512550354,215.49742531776428,218.8013870716095,227.95638513565063,237.32399821281433,246.4214174747467,255.750257730484,264.5987570285797,273.5521602630615
82,ER_700_800_0.15_41,38,38,38,38,38,38,38,38,38,38,38,38,38,38,39,39,39,39,39,39,39,39,39,39,39,39,39,39,39,39,39,3.1648030281066895,11.346831560134888,21.37309980392456,31.5664541721344,41.5213897228241,51.63866329193115,61.69305968284607,71.6114296913147,81.58063316345215,91.67916893959045,101.54112100601196,106.44986724853516,121.11648440361023,126.09921264648438,134.3334665298462,144.16736555099487,153.93916749954224,163.6333360671997,173.37405586242676,183.13473796844482,192.83146691322327,202.5128138065338,212.1557273864746,221.81319046020508,231.42546129226685,241.13506293296814,250.87282490730286,260.4910430908203,270.11937737464905,279.691002368927,287.86388993263245
83,ER_700_800_0.15_77,37,38,38,39,39,39,39,39,39,39,39,39,39,39,39,39,39,39,39,39,39,39,39,39,39,39,39,39,39,39,39,4.0544891357421875,16.279235363006592,21.119337797164917,30.523403882980347,40.434964656829834,50.315759897232056,60.41550016403198,70.42891645431519,80.27452063560486,90.12685251235962,100.1513683795929,110.01268124580383,119.83222723007202,129.62145113945007,139.33268451690674,149.01017951965332,158.7968671321869,168.45906448364258,178.1045355796814,183.81167721748352,193.0456235408783,203.27605867385864,208.18073439598083,217.49090600013733,227.1398115158081,236.6348123550415,246.14912223815918,255.63739156723022,264.5558285713196,273.83374786376953,283.0434672832489
84,ER_700_800_0.15_67,36,37,38,40,40,40,40,40,40,40,40,40,40,40,40,40,40,40,40,40,40,40,40,40,40,40,40,40,40,40,40,3.1328330039978027,11.463083505630493,21.543180465698242,31.59138321876526,41.378151655197144,51.16009306907654,60.80963969230652,70.4678966999054,80.19259238243103,83.87821674346924,95.93807721138,103.2786078453064,109.34061908721924,118.82492160797119,128.3098566532135,137.36974787712097,146.65912532806396,155.73572373390198,165.05090427398682,174.0760269165039,183.33807587623596,192.21836233139038,201.44407296180725,210.37590909004211,219.20372533798218,228.34859991073608,237.1332037448883,246.00029921531677,255.00170302391052,263.9171760082245,266.9309334754944
85,ER_700_800_0.15_2,37,39,39,39,39,39,39,39,39,39,39,39,39,39,39,39,39,39,39,39,39,39,39,39,39,39,39,39,39,39,39,4.421134948730469,16.837594509124756,21.73394536972046,31.802586793899536,42.01218795776367,52.02763605117798,62.35834980010986,72.29718780517578,82.47247767448425,92.56736397743225,102.50204038619995,112.72388792037964,122.59333634376526,132.46177291870117,142.36424684524536,152.6177272796631,162.50520992279053,172.37481594085693,181.32906460762024,186.61477303504944,200.94715118408203,205.4347403049469,215.2816412448883,225.06212067604065,234.81558465957642,244.8772075176239,254.78548288345337,264.61406660079956,274.4044005870819,284.0754244327545,293.86714816093445
86,ER_700_800_0.15_15,37,39,39,39,39,39,39,40,40,40,40,40,40,40,40,40,40,40,40,40,40,40,40,40,40,40,40,40,40,40,40,3.194683313369751,11.424326419830322,21.28136396408081,31.053822994232178,40.81679964065552,50.45000195503235,60.05640125274658,69.5232424736023,71.9035108089447,85.71038436889648,91.41859197616577,99.06275057792664,108.0926730632782,117.35300302505493,126.19369983673096,135.14881348609924,143.8324592113495,152.79397249221802,161.8001344203949,170.58877849578857,179.39952898025513,188.12783885002136,196.95254349708557,205.6190950870514,214.36875128746033,223.0647008419037,231.78649973869324,240.57770943641663,249.21346640586853,255.36601758003235,263.1889457702637
87,ER_700_800_0.15_122,36,38,39,39,39,39,39,39,39,39,39,39,39,39,39,39,39,39,39,39,39,39,39,39,39,39,39,39,39,39,39,3.963129758834839,11.738819360733032,17.2577908039093,27.522275686264038,37.50492238998413,47.64056730270386,57.81115937232971,67.83728289604187,78.06944394111633,88.03824734687805,98.21005868911743,108.20625829696655,118.16491770744324,128.296368598938,138.22528076171875,148.1498942375183,158.01189541816711,168.01429510116577,174.86265540122986,181.6841104030609,194.3676872253418,199.44668841362,209.2535207271576,219.0316059589386,228.80849695205688,238.5960669517517,248.37091827392578,258.1992907524109,268.09949707984924,278.06981801986694,287.8755922317505
88,ER_700_800_0.15_48,37,38,38,38,38,39,39,39,39,39,39,39,39,39,39,39,39,39,39,39,39,39,39,39,39,39,39,39,39,39,39,2.8728716373443604,10.839163780212402,21.16357183456421,31.24391222000122,41.58186721801758,51.614527463912964,61.938390016555786,69.48136377334595,77.36860394477844,89.19979047775269,95.50071787834167,105.60697793960571,115.72931432723999,125.73745536804199,136.04713010787964,146.04256415367126,156.12287139892578,166.35282063484192,176.342027425766,186.6708390712738,196.59854984283447,206.70708537101746,216.90176057815552,226.8664267063141,236.9672520160675,247.04197525978088,252.71694016456604,261.326575756073,272.2975721359253,277.5022540092468,287.0297176837921
89,ER_700_800_0.15_58,36,40,40,40,40,40,40,40,40,40,40,40,40,40,40,40,40,40,40,40,40,40,40,40,40,40,40,40,40,40,40,3.3923120498657227,11.622013092041016,21.568233728408813,31.44602942466736,41.593985080718994,51.447585582733154,61.14282035827637,70.78201818466187,80.13942909240723,89.68095088005066,99.18780589103699,108.51858139038086,117.78036546707153,127.23498368263245,136.27438497543335,145.6434223651886,149.6271252632141,159.27690410614014,168.97583556175232,174.33092546463013,183.46320295333862,192.4604172706604,201.38080859184265,210.47787165641785,219.4895625114441,228.34527230262756,237.24721121788025,246.21342730522156,255.14483880996704,263.98175024986267,272.7647182941437
90,ER_700_800_0.15_93,35,38,38,38,38,38,38,38,38,38,38,38,38,38,38,38,38,38,38,38,39,39,39,39,39,39,39,39,39,39,39,3.398146867752075,11.61122465133667,22.047385454177856,32.02769470214844,42.21638107299805,52.27969002723694,59.6371796131134,65.9588143825531,79.17586755752563,82.79226398468018,92.68656301498413,102.5312511920929,112.78851962089539,122.5958604812622,132.43261528015137,142.3197057247162,152.1487741470337,162.01079559326172,171.88372611999512,181.69925999641418,191.4356987476349,201.28488206863403,211.05074644088745,220.88068962097168,230.64796376228333,240.41470074653625,244.2427854537964,256.0377736091614,263.7331283092499,269.66094398498535,279.3123004436493
91,ER_700_800_0.15_83,37,40,40,40,40,40,40,40,40,40,40,40,40,40,40,40,40,40,40,40,40,40,40,40,40,40,40,40,40,40,40,3.2173802852630615,11.292041301727295,21.28607702255249,31.113178491592407,40.83098578453064,50.55543255805969,60.28465676307678,69.96438550949097,79.49919414520264,89.03991317749023,98.49691200256348,107.66560316085815,117.14986085891724,126.57569479942322,135.67203378677368,144.95633959770203,148.0633864402771,159.34707641601562,167.4023048877716,172.53710865974426,181.43795895576477,190.64650225639343,199.6059534549713,208.514066696167,217.69131326675415,226.49547863006592,235.3244068622589,244.19437551498413,253.262145280838,262.11621284484863,270.8771884441376
92,ER_700_800_0.15_9,36,37,37,38,39,39,39,39,39,39,39,39,39,39,39,39,39,39,39,39,39,39,39,39,39,39,39,39,39,39,39,2.9318244457244873,10.90634298324585,21.201868534088135,31.189263582229614,41.460870027542114,51.41781544685364,59.64400029182434,66.34450840950012,79.32954430580139,82.25958514213562,92.29719114303589,102.1346595287323,111.92120122909546,121.68398904800415,131.49200296401978,141.23588609695435,150.92733645439148,160.64859580993652,170.30133771896362,179.93928217887878,189.59028387069702,199.2599229812622,208.90436148643494,218.5326805114746,228.14862871170044,237.71439218521118,243.4954538345337,251.79624247550964,262.90035462379456,267.96490573883057,277.11752367019653
93,ER_700_800_0.15_43,37,37,38,38,38,38,39,39,39,39,39,39,39,39,39,39,39,39,39,39,39,39,39,39,39,39,39,39,39,39,39,2.964249610900879,11.083840608596802,21.14674162864685,31.518964767456055,41.514710903167725,51.808353900909424,61.7946674823761,71.7435576915741,81.88474297523499,91.87949872016907,101.7725338935852,111.6413631439209,121.81792497634888,131.70806884765625,141.5995819568634,148.95455884933472,156.4014868736267,168.4753086566925,173.0623505115509,182.91979360580444,192.7874436378479,202.68449783325195,212.52123498916626,222.32840871810913,232.02310299873352,241.72324991226196,251.4315197467804,261.1353623867035,270.83160948753357,280.505925655365,290.2124698162079
94,ER_700_800_0.15_53,38,38,39,39,39,39,39,39,39,39,39,39,39,39,39,39,39,39,39,39,39,39,39,39,39,39,39,39,39,39,39,3.3058831691741943,11.61714506149292,21.337462425231934,31.256017684936523,41.10483241081238,45.11388397216797,59.87568950653076,62.753490686416626,72.10408544540405,81.74415588378906,90.95360374450684,100.49047112464905,109.9526355266571,119.14737391471863,128.5082082748413,137.87751126289368,146.9527871608734,156.28449177742004,165.25855255126953,174.59031176567078,183.5168113708496,192.47040486335754,201.70056676864624,210.64495277404785,219.63049936294556,225.67666602134705,232.6635663509369,244.91258907318115,248.08822631835938,256.97169041633606,265.79637718200684
95,ER_700_800_0.15_106,38,38,38,38,38,38,39,39,39,39,39,39,39,39,39,39,39,39,39,39,39,39,39,39,39,39,39,39,39,39,39,3.324191093444824,11.5383141040802,21.4896183013916,31.20039701461792,40.96472787857056,51.042847871780396,60.92390847206116,70.7866837978363,80.95175743103027,90.78934955596924,100.57357835769653,110.31902027130127,120.08947539329529,129.82913827896118,139.55942010879517,143.26632261276245,156.72809410095215,162.81177520751953,170.53586888313293,180.1517698764801,189.54764199256897,199.08850264549255,208.68373465538025,218.11620903015137,227.606187582016,236.89538288116455,246.437833070755,255.96031761169434,265.4809241294861,274.8227813243866,284.2438189983368
96,ER_700_800_0.15_21,37,38,38,38,38,38,38,38,38,38,38,39,39,39,39,39,39,39,39,39,39,39,39,39,39,39,39,39,39,39,39,3.1997296810150146,11.546040296554565,21.49600625038147,31.769890069961548,40.98452830314636,45.12746238708496,60.15203666687012,63.22710108757019,72.99206519126892,82.77877020835876,92.46809411048889,102.18188047409058,111.86526727676392,121.56424975395203,131.25726079940796,140.90639567375183,150.5095236301422,160.0430555343628,169.53000378608704,179.0080292224884,188.5503590106964,198.04422616958618,207.4303195476532,216.7488055229187,224.81782960891724,230.66879272460938,244.12452054023743,247.38742184638977,256.5190863609314,265.87874960899353,274.99201798439026
97,ER_700_800_0.15_116,36,39,39,39,39,39,39,39,39,39,39,39,39,39,39,39,39,39,39,39,39,39,39,39,39,39,39,39,39,39,39,3.005507469177246,11.308372497558594,21.17314910888672,31.43637442588806,41.479302167892456,51.454530000686646,61.76398277282715,71.67874598503113,81.77445435523987,91.93752670288086,101.88429427146912,111.98080396652222,122.1205382347107,132.0762619972229,136.3452272415161,151.46580624580383,153.8899049758911,164.11127543449402,174.06765723228455,183.98381972312927,193.85959553718567,204.0432484149933,213.9319202899933,223.8457419872284,233.70476770401,243.7904336452484,253.7069375514984,263.57169818878174,273.45109605789185,283.38688683509827,293.50427317619324
98,ER_700_800_0.15_31,37,38,38,38,38,38,38,39,39,40,40,40,40,40,40,40,40,40,40,40,40,40,40,40,40,40,40,40,40,40,40,3.3218016624450684,11.017523527145386,21.24933433532715,23.663439989089966,38.496915102005005,43.10503029823303,51.68021297454834,61.4216251373291,71.16021871566772,80.84503865242004,90.48306226730347,100.05188012123108,109.61051177978516,118.79963564872742,128.34115600585938,137.8317608833313,147.2754168510437,156.4971058368683,165.89661192893982,175.06704378128052,184.36549997329712,193.67550778388977,202.78385305404663,206.51197028160095,217.33190178871155,225.78094840049744,231.84470510482788,240.84104108810425,250.01990413665771,258.9143342971802,267.7803990840912
99,ER_700_800_0.15_98,37,40,40,40,40,40,40,40,40,40,40,40,40,40,40,40,40,40,40,40,40,40,40,40,40,40,40,40,40,40,40,3.2276499271392822,11.447377443313599,21.136210203170776,31.44892382621765,41.39901280403137,51.48154878616333,61.57060790061951,71.42212176322937,81.28259468078613,91.3285300731659,101.23771619796753,111.04768705368042,120.15026903152466,123.47863435745239,138.1940724849701,141.81286239624023,150.49612617492676,160.09125328063965,169.70644783973694,179.30929923057556,188.59550380706787,198.15344643592834,207.7186622619629,217.1700143814087,226.38020133972168,235.87759590148926,245.41683626174927,254.90459394454956,264.1320126056671,273.6156268119812,283.0390224456787
100,ER_700_800_0.15_88,36,38,39,39,39,39,39,39,39,39,39,39,39,39,39,39,39,39,39,39,39,39,39,39,39,39,39,39,39,39,39,2.8155314922332764,10.992911338806152,20.81399440765381,23.470834255218506,38.64290904998779,42.715367555618286,49.99489760398865,60.2514226436615,70.12133836746216,79.97895526885986,89.78289294242859,99.54337167739868,109.31586456298828,119.05159020423889,128.74789094924927,138.46569848060608,148.15458393096924,157.76691818237305,167.07193517684937,176.6040449142456,186.17510890960693,195.75201106071472,205.2486481666565,207.686998128891,220.06785440444946,227.1018419265747,232.1393220424652,241.27131986618042,250.651269197464,259.68786549568176,268.976557970047
101,ER_700_800_0.15_120,39,39,39,39,39,39,39,39,39,40,40,40,40,40,40,40,40,40,40,40,40,40,40,40,40,40,40,40,40,40,40,2.945183753967285,10.919435501098633,21.32087206840515,31.41348385810852,41.764989376068115,51.80895638465881,62.01232409477234,72.18481945991516,82.22313213348389,92.46507978439331,102.51062107086182,112.481036901474,121.53487396240234,126.18654680252075,141.06193947792053,145.07292246818542,155.24392437934875,165.15866374969482,174.97235655784607,184.85088634490967,194.7312035560608,204.55789971351624,214.38056015968323,224.1365931034088,233.96381211280823,243.55106687545776,253.3709216117859,263.195449590683,272.959055185318,282.739572763443,292.4624330997467
102,ER_700_800_0.15_17,36,38,38,38,38,38,38,38,38,38,38,38,38,38,38,38,38,38,38,38,38,38,38,38,38,38,38,38,38,38,38,3.140906810760498,11.356430053710938,14.727649688720703,30.19592833518982,34.260395526885986,43.491066217422485,53.520219564437866,63.435930013656616,73.30987977981567,83.14020657539368,92.93480396270752,102.70361542701721,112.41690635681152,122.07670187950134,131.68305897712708,141.29689407348633,150.8444423675537,160.1676082611084,169.71478605270386,179.18183946609497,188.64446663856506,197.05682253837585,197.96983313560486,206.43191266059875,217.34240865707397,220.69088339805603,229.77632308006287,239.11595177650452,248.17862939834595,257.5512738227844,266.6059818267822
103,ER_700_800_0.15_65,37,40,40,40,40,40,40,40,40,40,40,40,40,40,40,40,40,40,40,40,40,40,40,40,40,40,40,40,40,40,40,3.224177122116089,11.547346591949463,21.549283027648926,31.454224348068237,41.319652795791626,51.07156705856323,60.70629572868347,70.25222730636597,79.87178063392639,89.1946587562561,98.54109382629395,107.94096040725708,115.50004386901855,119.7418224811554,133.44100427627563,136.83998441696167,145.4163408279419,154.37623190879822,163.48589515686035,172.50207233428955,181.09145307540894,189.94126105308533,198.73001527786255,207.52494978904724,216.56278443336487,225.4304437637329,234.15941333770752,242.90345120429993,251.65357565879822,260.38423681259155,269.14742493629456
104,ER_700_800_0.15_75,36,38,38,38,38,38,38,38,38,38,38,38,38,38,38,38,39,39,39,39,39,39,39,39,39,39,39,39,39,39,39,3.2549421787261963,11.508936882019043,21.639058351516724,30.75803303718567,35.27421832084656,50.45724964141846,53.08324432373047,62.95491123199463,72.83798217773438,82.67287182807922,92.54622650146484,102.40845966339111,112.10982632637024,122.0758888721466,131.6710650920868,141.3350486755371,151.04293298721313,160.65851998329163,169.5292146205902,178.9596221446991,188.4716317653656,197.97032713890076,207.24958443641663,215.29428005218506,219.64854216575623,233.98563742637634,237.37591409683228,246.529381275177,255.85441851615906,265.0908386707306,274.3442544937134
105,ER_700_800_0.15_0,37,39,39,39,39,39,39,39,39,39,39,39,39,39,39,39,39,39,39,39,39,39,39,39,39,39,39,39,39,39,39,3.0297887325286865,11.022629737854004,21.435354471206665,31.48615264892578,41.865259408950806,51.79072308540344,61.684733390808105,71.88610911369324,81.68715405464172,91.4968593120575,101.28536224365234,111.07658433914185,120.822012424469,125.75491952896118,136.8176281452179,145.09365487098694,150.40415453910828,160.05027318000793,169.66891241073608,179.31345081329346,188.71715831756592,198.2319884300232,207.83629631996155,217.41594529151917,227.0746922492981,236.2946219444275,245.810955286026,255.16670393943787,264.522825717926,273.9907205104828,283.20583033561707
106,ER_700_800_0.15_38,36,37,37,38,38,38,38,38,38,38,38,39,39,39,40,40,40,40,40,40,40,40,40,40,40,40,40,40,40,40,40,3.0068254470825195,11.314183235168457,21.406257152557373,26.95369815826416,36.63287401199341,46.782103061676025,52.129339933395386,62.045154333114624,71.92781090736389,82.0193395614624,91.9695782661438,101.83787226676941,111.39319086074829,121.12209177017212,130.96814489364624,141.45708537101746,151.98560976982117,162.66882228851318,173.09785914421082,183.33110094070435,193.42760920524597,203.72845125198364,210.1939070224762,218.06688809394836,229.67221117019653,234.8220956325531,244.36250233650208,253.69363403320312,263.236763715744,272.75293254852295,282.2973084449768
107,ER_700_800_0.15_28,37,37,38,38,39,39,39,39,39,39,39,39,39,39,39,39,39,39,39,39,39,39,39,39,39,39,39,39,39,39,39,3.299025535583496,11.379511594772339,21.665993213653564,31.661925315856934,41.93848371505737,51.89496374130249,61.83052468299866,71.67974901199341,81.84675979614258,91.07995223999023,100.92270636558533,110.34934163093567,112.67419528961182,127.37291264533997,132.12401676177979,140.62733459472656,150.28003001213074,159.80402731895447,169.29327702522278,178.88972735404968,188.4614109992981,197.99623084068298,207.59826254844666,217.07308769226074,226.2904679775238,235.73883867263794,245.20387887954712,254.51275515556335,263.73206758499146,273.0965301990509,282.1219675540924
108,ER_700_800_0.15_81,37,38,39,39,39,39,39,39,39,39,39,39,39,39,39,39,39,39,39,39,39,39,39,39,39,39,39,39,39,39,39,4.654891490936279,12.012216567993164,14.793890953063965,30.042065143585205,34.97594976425171,44.606210231781006,54.35023212432861,64.97456216812134,75.7673990726471,85.88576102256775,96.53233218193054,107.36967277526855,117.39322137832642,127.09133458137512,136.7887659072876,146.3953766822815,156.12761926651,165.96184539794922,175.93682217597961,186.03466987609863,196.3954689502716,199.69322991371155,210.52687430381775,219.171217918396,221.34665536880493,230.71263718605042,239.81381797790527,249.26661658287048,258.3503818511963,267.6585671901703,276.787202835083
109,ER_700_800_0.15_91,37,37,37,37,38,38,39,39,39,39,39,39,39,39,39,39,39,39,39,39,39,39,39,39,39,39,39,39,39,39,39,3.3835926055908203,11.512736320495605,21.842897176742554,31.71112608909607,41.754416942596436,52.219775676727295,62.45979046821594,72.71292996406555,82.76534938812256,93.16043043136597,103.34173846244812,108.08616495132446,118.8087854385376,128.0208282470703,132.95642256736755,143.16089415550232,153.29807114601135,163.34270119667053,173.8127725124359,184.61621809005737,195.31983351707458,206.19620871543884,216.19485998153687,226.74552369117737,237.74926567077637,248.05416464805603,258.27146077156067,268.3380093574524,278.72152733802795,289.169228553772,293.49467039108276
110,ER_700_800_0.15_16,37,39,39,39,39,39,39,39,39,39,39,39,39,39,39,39,39,39,39,39,39,39,39,39,39,39,39,39,39,39,39,5.238887786865234,17.700966835021973,21.84738039970398,29.405279397964478,40.2433545589447,50.11851263046265,59.888407707214355,69.7399046421051,80.13201689720154,90.83569288253784,101.55960154533386,111.22490978240967,121.15112161636353,130.70750379562378,141.29950666427612,151.445086479187,161.57334065437317,171.45520281791687,181.54975962638855,186.1998541355133,190.36061930656433,204.19852256774902,208.01416110992432,212.7076985836029,223.03608512878418,232.8925802707672,243.14597988128662,252.60584115982056,262.6453700065613,272.78912901878357,282.47668504714966
111,ER_700_800_0.15_121,37,37,38,38,38,38,38,38,38,38,38,38,38,38,38,38,38,38,38,38,38,39,39,39,39,39,39,39,39,39,39,3.763186454772949,12.44860029220581,23.44504690170288,34.16919469833374,44.79896545410156,54.9828405380249,65.6451141834259,76.4549970626831,87.17890000343323,90.70417094230652,99.72622466087341,110.54445385932922,115.89886379241943,125.82565140724182,135.67318177223206,145.46729278564453,155.26397728919983,165.22790098190308,175.16150403022766,184.96167516708374,194.67570209503174,204.44804763793945,214.23670506477356,223.95230770111084,233.63873720169067,243.28255128860474,253.04778265953064,262.7295298576355,272.375700712204,275.64637207984924,287.2439272403717
112,ER_700_800_0.15_1,36,38,40,40,40,40,40,40,40,40,40,40,40,40,40,40,40,40,40,40,40,40,40,40,40,40,40,40,40,40,40,4.134707450866699,8.30360198020935,14.478028535842896,25.15302276611328,35.18921113014221,45.48368215560913,55.573646068573,65.49504065513611,75.8189709186554,85.7647967338562,95.70492887496948,105.79880404472351,115.77673244476318,125.59711456298828,135.44147753715515,145.25428175926208,155.20419239997864,165.12197303771973,171.81661009788513,177.21926307678223,191.41995453834534,193.49058723449707,201.44677138328552,211.40200424194336,221.17150020599365,231.16473531723022,241.4705834388733,251.3422040939331,261.19728112220764,271.0950999259949,280.82885909080505
113,ER_700_800_0.15_74,37,38,38,38,38,38,38,38,38,38,38,38,38,38,38,38,38,38,38,38,38,38,38,39,39,39,39,39,39,39,39,3.3802437782287598,11.99213719367981,22.561141967773438,32.71841311454773,43.098374128341675,53.15231251716614,63.059837341308594,73.22748589515686,76.71954941749573,88.90213894844055,96.57150602340698,101.82757806777954,111.98580026626587,121.71531295776367,131.9222321510315,141.60865187644958,152.405925989151,162.67589235305786,172.79081416130066,182.54404544830322,192.38268613815308,202.06978225708008,211.87687349319458,221.6036319732666,231.33369326591492,240.98776721954346,250.67332673072815,259.98662185668945,264.7385106086731,279.3887605667114,282.4243664741516
114,ER_700_800_0.15_64,38,40,40,40,40,40,40,40,41,41,41,41,41,41,41,41,41,41,41,41,41,41,41,41,41,41,41,41,41,41,41,3.3295819759368896,11.835570096969604,22.007728576660156,32.41332268714905,42.22626757621765,52.24001455307007,62.690861225128174,72.84471654891968,82.78634834289551,92.51822066307068,102.12306094169617,111.75102496147156,121.29273414611816,130.50700855255127,139.98120379447937,148.75318598747253,158.130188703537,163.67639780044556,170.21066117286682,182.9685881137848,185.88967943191528,195.06867480278015,204.05644822120667,213.14309358596802,222.20791602134705,231.157776594162,240.29639983177185,249.32960057258606,258.1994261741638,267.0639500617981,276.10006952285767
115,ER_700_800_0.15_90,36,38,38,38,38,38,38,38,38,38,38,38,39,39,39,39,39,39,39,39,39,39,39,39,39,39,39,39,39,39,39,3.1147310733795166,11.329748392105103,21.624715089797974,31.805490970611572,42.03526520729065,52.272769927978516,62.328336000442505,71.28282117843628,76.51368713378906,90.93644976615906,94.22704029083252,104.3609070777893,114.0051622390747,123.8520348072052,133.79962038993835,143.95326280593872,153.84694933891296,163.7513165473938,173.62794876098633,183.84052681922913,193.74614477157593,203.63217329978943,213.51752710342407,223.35409307479858,233.1345202922821,243.1241910457611,253.13094186782837,256.450040102005,269.71111845970154,276.10638523101807,283.98212909698486
116,ER_700_800_0.15_80,38,38,38,39,39,39,39,39,39,39,39,39,39,39,39,39,39,39,39,40,40,40,40,40,40,40,40,40,40,40,40,3.2595126628875732,11.563669681549072,21.627405166625977,31.866227388381958,42.030996561050415,52.03843283653259,62.34545636177063,72.29931402206421,82.14339518547058,91.99294710159302,102.20848155021667,112.08997464179993,121.9483380317688,131.82715344429016,141.69670057296753,151.5934135913849,156.1278042793274,166.82369112968445,175.65527057647705,182.44603276252747,192.10441827774048,201.79570174217224,211.34996151924133,220.8515121936798,230.43585753440857,240.10553860664368,249.71709203720093,259.2812530994415,268.8375732898712,278.38072657585144,287.7092170715332
117,ER_700_800_0.15_29,36,38,38,38,38,39,39,39,39,39,39,39,39,39,39,39,39,39,39,39,39,39,39,39,39,39,39,39,39,39,39,3.0502402782440186,11.33062481880188,21.371876001358032,31.591537952423096,41.54057812690735,50.30552792549133,57.20018672943115,69.9427318572998,74.8359603881836,84.94928288459778,94.83630323410034,104.75064373016357,114.73414206504822,124.85582041740417,134.71607303619385,144.52627849578857,154.2982358932495,164.10575437545776,173.9091227054596,183.68816661834717,193.42280173301697,203.16623330116272,212.91194343566895,222.63449215888977,232.28498530387878,235.2222285270691,248.51362776756287,254.71996641159058,263.41971826553345,273.0090682506561,282.5582580566406
118,ER_700_800_0.15_39,37,37,37,37,38,38,38,38,38,38,39,39,39,39,39,39,39,39,39,39,39,39,39,39,39,39,39,39,39,39,39,2.9945108890533447,10.952643871307373,21.266804456710815,31.296820878982544,41.303677797317505,51.5971155166626,61.613460302352905,71.57598495483398,81.77658987045288,91.78117823600769,101.78061604499817,111.6837329864502,121.74569869041443,131.71848845481873,135.9358034133911,148.52735567092896,155.57455348968506,163.51062297821045,173.27179265022278,183.0113241672516,192.78607869148254,202.52557182312012,212.22666144371033,222.001389503479,231.6847972869873,241.35946035385132,250.8120937347412,260.40118503570557,269.86723351478577,279.42446184158325,288.9524848461151
119,ER_700_800_0.15_8,36,39,39,39,39,39,39,39,39,39,39,39,39,39,39,39,39,39,39,39,39,39,39,39,39,39,39,39,39,39,39,3.2318801879882812,11.187949419021606,21.371083736419678,29.76108741760254,34.156487226486206,48.66856050491333,51.1924204826355,60.634236574172974,69.98123240470886,79.18826341629028,88.50880813598633,97.53156065940857,106.56278443336487,115.7596333026886,124.66245985031128,133.54889941215515,142.54985404014587,151.53212761878967,160.3618724346161,169.1645314693451,177.9497458934784,186.7286605834961,195.52197074890137,204.3642077445984,213.1896529197693,215.5038936138153,228.18114638328552,234.5550034046173,240.1446921825409,248.72924733161926,257.2632074356079
120,ER_700_800_0.15_52,36,38,38,38,38,38,38,38,38,38,38,38,38,38,39,39,39,39,39,39,39,39,39,39,39,39,39,39,39,39,39,2.9370386600494385,11.247101783752441,21.35714101791382,31.77737021446228,41.87942385673523,52.07717180252075,62.30891418457031,72.35047721862793,82.64050889015198,92.67935419082642,102.63544249534607,112.58809518814087,122.80087471008301,132.7993984222412,141.21286129951477,146.0507595539093,160.89871335029602,164.45263195037842,174.33105635643005,184.23408603668213,194.06959438323975,203.90296053886414,213.68164944648743,223.3344910144806,233.05506229400635,242.86592864990234,252.42035961151123,262.16420435905457,271.78312587738037,281.5149338245392,291.19613790512085
121,ER_700_800_0.15_42,39,39,39,39,39,39,39,39,39,39,39,39,39,39,39,39,39,39,39,39,39,39,39,39,39,39,39,39,39,39,39,2.9952375888824463,11.184939861297607,21.20293116569519,31.173078536987305,34.938613414764404,47.79973769187927,54.418357372283936,61.51589393615723,71.23830366134644,80.88048028945923,90.55856466293335,100.17381501197815,109.73576521873474,119.31764769554138,128.492413520813,138.04000544548035,147.45423412322998,156.5900182723999,165.9921853542328,175.2376618385315,184.28209590911865,193.39083623886108,202.60813403129578,211.75256609916687,217.74197912216187,224.18108320236206,237.05115962028503,239.53062534332275,248.45859360694885,257.5415835380554,266.662312746048
122,ER_700_800_0.15_89,36,38,38,38,39,39,39,39,39,39,39,39,39,39,39,39,39,39,39,39,39,39,39,39,39,39,39,39,39,39,39,3.2310729026794434,11.490878105163574,21.59058451652527,31.592133283615112,41.73143696784973,51.74219059944153,61.62544226646423,71.47855043411255,81.257319688797,90.97336316108704,100.64473176002502,110.30149030685425,119.76102662086487,129.22553038597107,135.4991579055786,143.07100653648376,154.85847687721252,156.4592113494873,165.4321904182434,174.566059589386,183.73490977287292,192.97229266166687,202.21413230895996,211.30268359184265,220.28872179985046,229.5809669494629,238.5824716091156,247.768328666687,256.8187208175659,265.75626397132874,274.73683738708496
123,ER_700_800_0.15_99,37,39,39,39,39,39,39,39,40,40,40,40,40,40,40,40,40,40,40,40,40,40,40,40,40,40,40,40,40,40,40,3.4950554370880127,11.468900203704834,21.824488639831543,31.857255458831787,42.053391456604004,45.578678131103516,58.77359414100647,65.19776821136475,73.31721663475037,83.43149161338806,93.24063396453857,103.02529764175415,112.84635305404663,122.63053560256958,132.34403800964355,141.74187207221985,151.4212543964386,161.0101010799408,170.41790294647217,179.96014738082886,189.5228841304779,199.06850028038025,208.65827536582947,217.95902061462402,227.44565176963806,229.54120206832886,243.6306312084198,248.960520029068,256.04872727394104,265.4996235370636,274.8207952976227
124,ER_700_800_0.15_30,37,38,40,40,40,40,40,40,40,40,40,40,40,40,40,40,40,40,40,40,40,40,40,40,40,40,40,40,40,40,40,2.8450891971588135,11.203786849975586,21.28823184967041,31.63230872154236,41.641828536987305,51.64638543128967,61.857162952423096,71.81990051269531,81.77279281616211,91.69424605369568,101.70948815345764,111.62567520141602,120.83590936660767,130.56586956977844,137.67766427993774,144.1109220981598,157.16353392601013,159.79210138320923,169.42612671852112,179.05553698539734,188.40052890777588,198.0037395954132,207.59276866912842,217.20005869865417,226.7112729549408,236.11061835289001,245.64194869995117,255.18469882011414,264.32989978790283,273.84639716148376,283.28871512413025
125,ER_700_800_0.15_117,37,38,38,38,39,39,39,39,39,39,39,39,39,39,39,39,39,39,39,39,39,39,39,39,39,39,39,39,39,39,39,3.2107179164886475,11.255476474761963,21.61946392059326,31.68777108192444,39.062875270843506,46.19438982009888,58.73355984687805,63.9665105342865,73.82354426383972,83.46504712104797,93.1949896812439,102.88703179359436,112.53370666503906,122.16268539428711,131.86107444763184,141.21075963974,150.67852687835693,160.26518297195435,169.75620222091675,179.03222370147705,188.55774211883545,198.05247282981873,207.2027690410614,216.67736339569092,223.18112206459045,229.8216245174408,242.59875535964966,247.08908772468567,256.45988750457764,265.50303411483765,274.81568026542664
126,ER_700_800_0.15_20,37,39,39,39,39,39,39,39,39,39,39,39,39,39,39,39,39,39,39,39,39,39,39,39,39,39,39,39,39,39,39,2.8904380798339844,11.123727560043335,21.37195372581482,31.558473348617554,41.55370020866394,51.681533336639404,61.21296191215515,71.26226091384888,81.09932565689087,90.9572913646698,100.74013781547546,110.52602553367615,120.26102018356323,130.06082558631897,133.98314714431763,148.71210932731628,152.69592690467834,162.15283823013306,171.79442524909973,181.21194648742676,190.71256136894226,200.29586100578308,209.81454157829285,219.10584688186646,228.60972237586975,238.16671228408813,247.3959538936615,256.87430357933044,266.3018720149994,275.5348801612854,284.91238141059875
127,ER_700_800_0.15_107,37,37,37,37,37,37,38,38,38,38,38,38,38,38,38,38,38,38,38,38,38,38,38,38,38,38,38,38,38,38,38,3.189899444580078,11.45646047592163,21.690173387527466,30.67864203453064,31.775952577590942,43.17687225341797,51.35702681541443,58.19637894630432,68.08464360237122,77.94191479682922,87.82153701782227,97.62033915519714,107.42925000190735,117.20432114601135,126.9613995552063,136.7167136669159,146.42749452590942,156.03979086875916,165.73379468917847,175.36187434196472,184.67931509017944,194.27080988883972,203.8710024356842,213.46030855178833,216.7471044063568,228.92124485969543,236.25279545783997,242.57090592384338,252.11771869659424,261.6156361103058,270.8081319332123
