,Dataset Name,"Gurobi_warm batch_size=256, learning_rate=0.001, momentum=0.5, gamma=500, gamma_prime=1,  terms=three warm start at step 2250 Solution Size","Gurobi_warm batch_size=256, learning_rate=0.001, momentum=0.5, gamma=500, gamma_prime=1,  terms=three warm start at step 4500 Solution Size","Gurobi_warm batch_size=256, learning_rate=0.001, momentum=0.5, gamma=500, gamma_prime=1,  terms=three warm start at step 6750 Solution Size","Gurobi_warm batch_size=256, learning_rate=0.001, momentum=0.5, gamma=500, gamma_prime=1,  terms=three warm start at step 9000 Solution Size","Gurobi_warm batch_size=256, learning_rate=0.001, momentum=0.5, gamma=500, gamma_prime=1,  terms=three warm start at step 11250 Solution Size","Gurobi_warm batch_size=256, learning_rate=0.001, momentum=0.5, gamma=500, gamma_prime=1,  terms=three warm start at step 13500 Solution Size","Gurobi_warm batch_size=256, learning_rate=0.001, momentum=0.5, gamma=500, gamma_prime=1,  terms=three warm start at step 15750 Solution Size","Gurobi_warm batch_size=256, learning_rate=0.001, momentum=0.5, gamma=500, gamma_prime=1,  terms=three warm start at step 18000 Solution Size","Gurobi_warm batch_size=256, learning_rate=0.001, momentum=0.5, gamma=500, gamma_prime=1,  terms=three warm start at step 20250 Solution Size","Gurobi_warm batch_size=256, learning_rate=0.001, momentum=0.5, gamma=500, gamma_prime=1,  terms=three warm start at step 22500 Solution Size","Gurobi_warm batch_size=256, learning_rate=0.001, momentum=0.5, gamma=500, gamma_prime=1,  terms=three warm start at step 24750 Solution Size","Gurobi_warm batch_size=256, learning_rate=0.001, momentum=0.5, gamma=500, gamma_prime=1,  terms=three warm start at step 27000 Solution Size","Gurobi_warm batch_size=256, learning_rate=0.001, momentum=0.5, gamma=500, gamma_prime=1,  terms=three warm start at step 29250 Solution Size","Gurobi_warm batch_size=256, learning_rate=0.001, momentum=0.5, gamma=500, gamma_prime=1,  terms=three warm start at step 31500 Solution Size","Gurobi_warm batch_size=256, learning_rate=0.001, momentum=0.5, gamma=500, gamma_prime=1,  terms=three warm start at step 33750 Solution Size","Gurobi_warm batch_size=256, learning_rate=0.001, momentum=0.5, gamma=500, gamma_prime=1,  terms=three warm start at step 36000 Solution Size","Gurobi_warm batch_size=256, learning_rate=0.001, momentum=0.5, gamma=500, gamma_prime=1,  terms=three warm start at step 38250 Solution Size","Gurobi_warm batch_size=256, learning_rate=0.001, momentum=0.5, gamma=500, gamma_prime=1,  terms=three warm start at step 40500 Solution Size","Gurobi_warm batch_size=256, learning_rate=0.001, momentum=0.5, gamma=500, gamma_prime=1,  terms=three warm start at step 42750 Solution Size","Gurobi_warm batch_size=256, learning_rate=0.001, momentum=0.5, gamma=500, gamma_prime=1,  terms=three warm start at step 45000 Solution Size","Gurobi_warm batch_size=256, learning_rate=0.001, momentum=0.5, gamma=500, gamma_prime=1,  terms=three warm start at step 47250 Solution Size","Gurobi_warm batch_size=256, learning_rate=0.001, momentum=0.5, gamma=500, gamma_prime=1,  terms=three warm start at step 49500 Solution Size","Gurobi_warm batch_size=256, learning_rate=0.001, momentum=0.5, gamma=500, gamma_prime=1,  terms=three warm start at step 51750 Solution Size","Gurobi_warm batch_size=256, learning_rate=0.001, momentum=0.5, gamma=500, gamma_prime=1,  terms=three warm start at step 54000 Solution Size","Gurobi_warm batch_size=256, learning_rate=0.001, momentum=0.5, gamma=500, gamma_prime=1,  terms=three warm start at step 56250 Solution Size","Gurobi_warm batch_size=256, learning_rate=0.001, momentum=0.5, gamma=500, gamma_prime=1,  terms=three warm start at step 58500 Solution Size","Gurobi_warm batch_size=256, learning_rate=0.001, momentum=0.5, gamma=500, gamma_prime=1,  terms=three warm start at step 60750 Solution Size","Gurobi_warm batch_size=256, learning_rate=0.001, momentum=0.5, gamma=500, gamma_prime=1,  terms=three warm start at step 63000 Solution Size","Gurobi_warm batch_size=256, learning_rate=0.001, momentum=0.5, gamma=500, gamma_prime=1,  terms=three warm start at step 65250 Solution Size","Gurobi_warm batch_size=256, learning_rate=0.001, momentum=0.5, gamma=500, gamma_prime=1,  terms=three warm start at step 67500 Solution Size","Gurobi_warm batch_size=256, learning_rate=0.001, momentum=0.5, gamma=500, gamma_prime=1,  terms=three warm start at step 2250 Solution Time","Gurobi_warm batch_size=256, learning_rate=0.001, momentum=0.5, gamma=500, gamma_prime=1,  terms=three warm start at step 4500 Solution Time","Gurobi_warm batch_size=256, learning_rate=0.001, momentum=0.5, gamma=500, gamma_prime=1,  terms=three warm start at step 6750 Solution Time","Gurobi_warm batch_size=256, learning_rate=0.001, momentum=0.5, gamma=500, gamma_prime=1,  terms=three warm start at step 9000 Solution Time","Gurobi_warm batch_size=256, learning_rate=0.001, momentum=0.5, gamma=500, gamma_prime=1,  terms=three warm start at step 11250 Solution Time","Gurobi_warm batch_size=256, learning_rate=0.001, momentum=0.5, gamma=500, gamma_prime=1,  terms=three warm start at step 13500 Solution Time","Gurobi_warm batch_size=256, learning_rate=0.001, momentum=0.5, gamma=500, gamma_prime=1,  terms=three warm start at step 15750 Solution Time","Gurobi_warm batch_size=256, learning_rate=0.001, momentum=0.5, gamma=500, gamma_prime=1,  terms=three warm start at step 18000 Solution Time","Gurobi_warm batch_size=256, learning_rate=0.001, momentum=0.5, gamma=500, gamma_prime=1,  terms=three warm start at step 20250 Solution Time","Gurobi_warm batch_size=256, learning_rate=0.001, momentum=0.5, gamma=500, gamma_prime=1,  terms=three warm start at step 22500 Solution Time","Gurobi_warm batch_size=256, learning_rate=0.001, momentum=0.5, gamma=500, gamma_prime=1,  terms=three warm start at step 24750 Solution Time","Gurobi_warm batch_size=256, learning_rate=0.001, momentum=0.5, gamma=500, gamma_prime=1,  terms=three warm start at step 27000 Solution Time","Gurobi_warm batch_size=256, learning_rate=0.001, momentum=0.5, gamma=500, gamma_prime=1,  terms=three warm start at step 29250 Solution Time","Gurobi_warm batch_size=256, learning_rate=0.001, momentum=0.5, gamma=500, gamma_prime=1,  terms=three warm start at step 31500 Solution Time","Gurobi_warm batch_size=256, learning_rate=0.001, momentum=0.5, gamma=500, gamma_prime=1,  terms=three warm start at step 33750 Solution Time","Gurobi_warm batch_size=256, learning_rate=0.001, momentum=0.5, gamma=500, gamma_prime=1,  terms=three warm start at step 36000 Solution Time","Gurobi_warm batch_size=256, learning_rate=0.001, momentum=0.5, gamma=500, gamma_prime=1,  terms=three warm start at step 38250 Solution Time","Gurobi_warm batch_size=256, learning_rate=0.001, momentum=0.5, gamma=500, gamma_prime=1,  terms=three warm start at step 40500 Solution Time","Gurobi_warm batch_size=256, learning_rate=0.001, momentum=0.5, gamma=500, gamma_prime=1,  terms=three warm start at step 42750 Solution Time","Gurobi_warm batch_size=256, learning_rate=0.001, momentum=0.5, gamma=500, gamma_prime=1,  terms=three warm start at step 45000 Solution Time","Gurobi_warm batch_size=256, learning_rate=0.001, momentum=0.5, gamma=500, gamma_prime=1,  terms=three warm start at step 47250 Solution Time","Gurobi_warm batch_size=256, learning_rate=0.001, momentum=0.5, gamma=500, gamma_prime=1,  terms=three warm start at step 49500 Solution Time","Gurobi_warm batch_size=256, learning_rate=0.001, momentum=0.5, gamma=500, gamma_prime=1,  terms=three warm start at step 51750 Solution Time","Gurobi_warm batch_size=256, learning_rate=0.001, momentum=0.5, gamma=500, gamma_prime=1,  terms=three warm start at step 54000 Solution Time","Gurobi_warm batch_size=256, learning_rate=0.001, momentum=0.5, gamma=500, gamma_prime=1,  terms=three warm start at step 56250 Solution Time","Gurobi_warm batch_size=256, learning_rate=0.001, momentum=0.5, gamma=500, gamma_prime=1,  terms=three warm start at step 58500 Solution Time","Gurobi_warm batch_size=256, learning_rate=0.001, momentum=0.5, gamma=500, gamma_prime=1,  terms=three warm start at step 60750 Solution Time","Gurobi_warm batch_size=256, learning_rate=0.001, momentum=0.5, gamma=500, gamma_prime=1,  terms=three warm start at step 63000 Solution Time","Gurobi_warm batch_size=256, learning_rate=0.001, momentum=0.5, gamma=500, gamma_prime=1,  terms=three warm start at step 65250 Solution Time","Gurobi_warm batch_size=256, learning_rate=0.001, momentum=0.5, gamma=500, gamma_prime=1,  terms=three warm start at step 67500 Solution Time"
0,ER_700_800_0.15_47,39,39,39,39,39,39,39,39,39,39,39,39,39,39,39,39,39,39,39,39,39,39,39,39,39,39,39,39,39,39,30.00897192955017,30.270225048065186,30.05137610435486,30.04569387435913,30.211008071899414,30.777875900268555,30.689729928970337,30.280592918395996,30.14358687400818,30.01657199859619,30.267433166503906,30.67109203338623,30.438931941986084,30.446177005767822,30.006704092025757,30.208319187164307,30.003894090652466,30.401793956756592,30.41627812385559,30.00424599647522,30.505231857299805,30.010883808135986,30.197617053985596,30.640222787857056,30.63431692123413,30.011275053024292,30.0119788646698,30.010837078094482,30.004323959350586,30.005653858184814
1,ER_700_800_0.15_57,39,39,39,39,39,39,39,39,39,39,39,39,39,39,39,39,39,39,39,39,39,39,39,39,39,39,39,39,39,39,30.382699966430664,30.23563504219055,30.003445148468018,30.01406502723694,30.441226959228516,30.141875982284546,30.01412582397461,30.007676124572754,30.005892992019653,30.00556492805481,30.018061876296997,30.013256072998047,30.017364025115967,30.36574101448059,30.547286987304688,30.98349094390869,30.022105932235718,30.031397104263306,30.008740186691284,30.010159969329834,30.00857901573181,30.00266695022583,30.013032913208008,30.006813049316406,30.416026830673218,30.438245058059692,30.003090858459473,30.002418041229248,30.271723985671997,30.00863218307495
2,ER_700_800_0.15_25,40,39,39,39,39,39,39,39,39,39,41,41,41,41,41,41,41,41,41,41,41,41,41,41,41,41,41,41,41,41,30.384176015853882,30.379016160964966,30.25974416732788,30.0051109790802,30.66997480392456,30.357733964920044,30.01065182685852,30.016901969909668,30.273221015930176,30.369400024414062,30.121639013290405,30.002792835235596,30.052767038345337,30.496828079223633,30.223297834396362,30.092127084732056,30.47850489616394,30.26394486427307,30.10799789428711,30.011409997940063,30.016422033309937,30.020470142364502,30.01881504058838,30.01379895210266,30.266659021377563,30.012407064437866,30.025424003601074,30.008206844329834,30.007742166519165,30.00264286994934
3,ER_700_800_0.15_102,39,41,41,41,41,41,41,41,41,41,41,41,41,41,41,41,41,41,41,41,41,41,41,41,41,41,41,41,41,41,30.003534078598022,30.003504991531372,30.00751805305481,30.003566026687622,30.518800973892212,30.00542902946472,30.695622205734253,30.006072998046875,30.33752703666687,30.006160974502563,30.41815185546875,30.827554941177368,30.449063777923584,30.075436115264893,30.32493305206299,30.440640926361084,30.032670974731445,30.006330966949463,30.011707067489624,30.02915096282959,30.148473024368286,30.40188694000244,30.015445947647095,30.39235782623291,30.413576126098633,30.670047998428345,30.06929588317871,30.155082941055298,30.236109018325806,30.416000843048096
4,ER_700_800_0.15_35,38,38,38,38,38,38,38,38,38,38,38,38,38,38,38,38,38,38,38,38,38,39,39,39,39,39,39,39,39,39,30.00411605834961,30.00524401664734,30.00671100616455,30.00953197479248,30.00729489326477,30.036710023880005,30.483276844024658,30.23467993736267,30.008692026138306,30.008172035217285,30.51347589492798,30.003412008285522,30.18725085258484,30.199018001556396,30.308086156845093,30.127692937850952,30.35430097579956,30.21139883995056,30.207640171051025,30.44687581062317,30.359694004058838,30.35112500190735,30.394169092178345,30.641853094100952,30.04711413383484,30.17400312423706,30.03373694419861,30.036154985427856,30.06651496887207,30.273003101348877
5,ER_700_800_0.15_112,40,39,39,39,39,39,39,39,39,39,39,39,39,39,39,39,39,39,39,39,39,39,39,39,39,39,39,39,39,39,30.399453163146973,30.888479948043823,30.679935932159424,30.53662085533142,31.222525119781494,30.348766088485718,30.00827980041504,30.021148920059204,30.013890027999878,30.007694959640503,30.017180919647217,30.01634192466736,30.003643035888672,30.00360083580017,30.00283193588257,30.018258094787598,30.345288038253784,30.351065158843994,30.380397081375122,30.148660898208618,30.36363697052002,30.21811580657959,30.334292888641357,30.80631709098816,30.531031847000122,30.03163504600525,30.15829110145569,31.165337800979614,30.427287101745605,31.24383783340454
6,ER_700_800_0.15_78,37,37,37,38,38,38,39,39,39,39,39,39,39,39,39,39,39,39,39,39,39,39,39,39,39,39,39,39,39,39,30.00818705558777,30.02702283859253,30.465335845947266,30.020665884017944,30.512750148773193,30.011810064315796,30.013728857040405,30.01172709465027,30.003807067871094,30.449485063552856,30.013261795043945,30.012750148773193,30.02543592453003,30.84054207801819,30.020895957946777,30.02704405784607,30.02276611328125,30.063440084457397,30.01007390022278,30.04245901107788,30.003014087677002,30.092415809631348,30.790658950805664,30.01902413368225,30.00286102294922,30.010545015335083,30.01138710975647,30.005596160888672,30.024431943893433,30.004897117614746
7,ER_700_800_0.15_68,38,38,38,38,38,38,38,38,38,38,38,38,38,38,38,38,38,38,38,38,38,38,38,38,38,38,38,38,38,38,30.025756120681763,30.10377287864685,30.067610025405884,30.002912044525146,30.339694023132324,30.026585817337036,30.033334970474243,30.030546188354492,30.070539951324463,30.009233951568604,30.03721022605896,30.065721035003662,30.007304906845093,31.727564811706543,30.06862187385559,30.20850110054016,30.10439395904541,30.47883415222168,31.237958192825317,30.2088840007782,30.68112802505493,30.456992864608765,30.710498809814453,30.624587059020996,30.18811798095703,30.009939908981323,30.014657974243164,30.258657217025757,30.07382082939148,30.02499508857727
8,ER_700_800_0.15_85,38,38,39,39,39,39,39,39,39,39,39,39,39,39,39,39,39,39,39,39,39,39,39,39,39,39,39,39,39,39,30.002300024032593,30.004405975341797,30.003634929656982,30.002462148666382,30.006029844284058,30.017194986343384,30.42317295074463,30.012704133987427,30.595128059387207,30.212214946746826,30.00387191772461,30.527415990829468,30.137367963790894,30.630922079086304,30.0104238986969,30.518362998962402,30.34680485725403,30.003392934799194,32.02604699134827,30.223823070526123,30.014238119125366,30.47057318687439,30.045554876327515,30.581613063812256,30.222207069396973,30.24067997932434,30.033469915390015,30.866593837738037,30.62568688392639,30.089102029800415
9,ER_700_800_0.15_95,38,38,38,38,38,38,38,38,38,38,38,38,38,38,38,38,38,38,38,38,38,38,38,39,39,39,39,39,39,39,30.01120901107788,31.019160985946655,30.572494983673096,30.066263914108276,30.24697208404541,30.330640077590942,30.257715940475464,30.008268117904663,30.34222912788391,30.11381196975708,30.139324188232422,30.06209921836853,30.030871868133545,30.050686836242676,30.01560401916504,30.661405086517334,30.136933088302612,30.017143964767456,30.26219391822815,30.01774311065674,30.060708045959473,30.208340167999268,30.0594539642334,30.0936119556427,30.010730028152466,30.039315938949585,30.039483070373535,30.02032208442688,30.153381824493408,30.06030797958374
10,ER_700_800_0.15_124,37,39,39,39,39,39,39,40,40,40,40,40,40,40,40,40,40,40,40,40,40,40,40,40,40,40,40,40,40,40,30.004152059555054,30.799844980239868,30.451816082000732,30.34546208381653,30.340524911880493,30.553866863250732,30.07146382331848,30.55668306350708,30.0564181804657,30.272568941116333,30.14540410041809,30.179126977920532,30.00281000137329,30.324898958206177,30.312031030654907,31.55452799797058,30.045042037963867,30.42444610595703,30.00296902656555,30.564067840576172,30.138853073120117,30.322290897369385,30.13667607307434,30.002730131149292,30.303786993026733,30.055413007736206,30.15973997116089,30.543644189834595,31.334886074066162,30.929438829421997
11,ER_700_800_0.15_13,38,38,38,38,38,40,41,40,40,40,40,40,40,40,40,40,40,41,40,41,41,41,40,40,40,41,40,40,40,40,30.047443151474,30.00479483604431,30.852684020996094,30.33840298652649,31.01626420021057,30.023488998413086,30.28094506263733,30.30462098121643,30.43311381340027,30.60334610939026,30.021257162094116,30.768905878067017,30.12048602104187,31.489213943481445,30.122788906097412,30.109551906585693,30.13354182243347,30.594270944595337,30.004997968673706,30.277715921401978,30.33746099472046,30.423311948776245,30.008573055267334,30.122191905975342,30.471447944641113,30.26848793029785,30.054469108581543,30.021998167037964,30.00748300552368,30.183835983276367
12,ER_700_800_0.15_4,38,39,39,39,39,39,39,39,39,39,39,39,39,39,39,39,39,39,39,39,39,39,39,39,39,39,39,39,39,39,30.022994995117188,30.69671106338501,30.057312965393066,31.423718214035034,30.53217601776123,30.030266046524048,30.79288601875305,30.04157280921936,30.009434938430786,30.0294508934021,32.54674410820007,30.010133028030396,30.803529977798462,30.721730947494507,30.044134855270386,30.60079288482666,30.119542837142944,31.46356987953186,30.049633026123047,30.38639998435974,30.004698991775513,30.56897807121277,30.090532064437866,30.010985851287842,30.98803687095642,30.83026695251465,30.01828694343567,30.898571014404297,30.037582874298096,30.675141096115112
13,ER_700_800_0.15_61,38,38,38,39,39,39,39,39,39,39,39,39,39,39,39,39,39,39,39,39,39,40,40,40,40,40,40,40,40,40,31.47335386276245,30.10365605354309,30.5247700214386,30.45121192932129,30.006223917007446,30.056054830551147,30.07107901573181,30.003228187561035,30.00273108482361,30.663601875305176,31.073030948638916,30.01545000076294,30.986549854278564,30.00361394882202,30.006119966506958,30.01432204246521,31.019070863723755,30.014638900756836,30.01216697692871,30.67753791809082,30.240176916122437,30.020735025405884,30.098805904388428,30.05676817893982,30.035435914993286,31.221483945846558,30.298090934753418,30.152608156204224,30.614423036575317,30.550930976867676
14,ER_700_800_0.15_71,37,39,39,39,39,39,39,39,39,39,39,39,39,39,39,39,39,39,39,39,39,39,39,39,39,39,39,39,39,39,30.003079891204834,30.04598617553711,30.010239839553833,30.23685097694397,30.004841804504395,30.408978939056396,30.154211044311523,30.058037996292114,30.336509943008423,30.721011877059937,30.14480185508728,30.036526203155518,30.018558979034424,30.058441162109375,30.50567603111267,30.031447172164917,30.31908392906189,30.219947814941406,30.012474060058594,30.028220891952515,30.003293991088867,30.36753511428833,30.42388105392456,30.079415798187256,30.323442220687866,30.031934022903442,30.381407022476196,30.22171187400818,30.242064952850342,30.226342916488647
15,ER_700_800_0.15_94,40,40,40,40,40,40,39,39,40,40,39,40,40,40,40,40,40,40,40,40,40,40,40,40,40,40,40,40,40,40,30.00503897666931,30.220320224761963,30.469558000564575,30.009891033172607,31.64222812652588,30.318261861801147,30.002989053726196,30.006126880645752,30.841427087783813,30.43099093437195,30.035743951797485,30.349939823150635,30.063595056533813,30.76213788986206,30.02768588066101,31.53433084487915,31.0381019115448,30.056457996368408,30.25635004043579,31.456506967544556,31.746574878692627,30.048190116882324,30.642467975616455,30.923413038253784,30.115334033966064,30.00318217277527,30.00920605659485,30.266996145248413,31.534022092819214,30.423813104629517
16,ER_700_800_0.15_84,40,40,40,40,40,39,40,39,40,39,39,39,40,39,40,40,39,40,40,40,39,40,39,40,40,39,40,40,40,40,30.15668511390686,30.304428100585938,30.04480814933777,30.530362129211426,30.201624870300293,30.055099964141846,30.387332916259766,30.002506971359253,30.050702810287476,30.03535795211792,30.08457112312317,30.002511024475098,30.077789068222046,30.03125500679016,30.32278800010681,30.680457830429077,30.002392768859863,30.069316864013672,30.03777813911438,30.1679949760437,30.014371156692505,30.95636296272278,30.01177406311035,30.029160022735596,30.518085956573486,30.046004056930542,31.22559404373169,30.084537029266357,31.182349920272827,31.43709707260132
17,ER_700_800_0.15_12,38,38,38,38,38,38,38,38,38,38,38,38,38,38,38,38,40,40,40,40,40,40,40,40,40,40,40,40,40,40,30.013815879821777,30.03354501724243,30.068214893341064,31.006797075271606,30.995110034942627,30.199867010116577,30.07858896255493,30.104247093200684,31.89683699607849,30.048521995544434,30.169588088989258,30.18867802619934,30.02886199951172,30.843971014022827,30.04773998260498,30.559762001037598,30.226890087127686,30.29383897781372,30.02357006072998,30.499962091445923,30.435877084732056,30.04766297340393,30.169320106506348,30.218852996826172,30.10274600982666,30.103540897369385,30.416507959365845,30.502808094024658,30.025019884109497,30.030526161193848
18,ER_700_800_0.15_125,42,42,42,39,39,39,39,39,39,42,39,39,39,39,39,39,39,39,39,42,42,42,39,42,39,39,42,39,42,39,30.81818199157715,31.59261989593506,30.211517095565796,30.017076015472412,30.004094123840332,30.02588677406311,30.015947103500366,30.01044487953186,30.00324296951294,30.35892605781555,30.00780487060547,30.005027055740356,30.00570583343506,30.00396203994751,30.003323078155518,30.030491828918457,30.07378101348877,30.003867149353027,30.042768001556396,30.325325965881348,30.024533987045288,30.34731912612915,30.00580620765686,30.261601209640503,30.006087064743042,30.00427508354187,30.022467851638794,30.026647090911865,30.22552990913391,30.002463817596436
19,ER_700_800_0.15_70,38,38,38,38,38,38,38,38,38,38,38,40,40,40,40,40,39,40,40,40,40,40,40,40,40,40,40,40,39,39,30.040343046188354,30.04088282585144,30.51776099205017,30.21583580970764,30.47788405418396,30.015904903411865,31.287621021270752,32.08311891555786,30.02297282218933,30.063101053237915,31.220911026000977,30.018953800201416,30.0729238986969,30.038015842437744,30.10661292076111,30.231335163116455,30.045355081558228,30.095659971237183,30.002952098846436,30.38134503364563,32.08051300048828,30.08941912651062,31.833415031433105,30.012485027313232,30.031758069992065,30.258755922317505,30.530005931854248,30.635429859161377,30.044677019119263,30.003633975982666
20,ER_700_800_0.15_60,37,39,40,39,39,39,40,40,39,39,39,39,39,39,39,40,39,40,40,39,39,39,39,40,40,39,40,40,39,39,30.012145042419434,30.053696870803833,30.620033979415894,30.025012969970703,30.026834964752197,30.003384828567505,30.42148208618164,30.49419403076172,30.017554998397827,30.00915813446045,30.003561973571777,30.030760049819946,30.00365900993347,30.00279211997986,30.017213106155396,30.362849950790405,30.015349864959717,30.018833875656128,30.07371687889099,30.006512880325317,30.004918098449707,30.01345205307007,30.007768869400024,30.954460859298706,30.29814600944519,30.002379179000854,30.016326904296875,30.11457896232605,30.045050144195557,30.03228998184204
21,ER_700_800_0.15_5,37,39,39,39,39,39,39,39,39,39,39,39,39,39,39,39,40,40,40,40,40,40,40,40,40,40,40,40,40,40,30.13199806213379,30.476163148880005,30.102519989013672,30.006210803985596,30.198349952697754,30.640472888946533,31.097482919692993,30.078495979309082,30.917768955230713,30.282166957855225,30.10221290588379,30.248249053955078,31.475029945373535,30.02966284751892,31.053839921951294,31.459661960601807,30.021266222000122,30.002834796905518,30.226747035980225,30.638206005096436,31.003742933273315,30.01779294013977,30.055094003677368,30.02573299407959,31.509721040725708,30.10280203819275,30.1645290851593,30.057589054107666,30.38378882408142,30.007977962493896
22,ER_700_800_0.15_56,38,38,38,38,38,38,38,38,38,38,38,38,38,38,38,38,38,38,38,38,38,38,38,38,38,38,38,38,38,38,30.00934910774231,30.054714918136597,30.0491201877594,30.032358169555664,30.002701997756958,30.04131293296814,30.098237991333008,30.015731811523438,30.071421146392822,30.00270104408264,30.05507493019104,30.03524899482727,30.033302068710327,30.01303219795227,30.055264949798584,30.003597021102905,30.029080867767334,30.070420026779175,30.10358500480652,30.090503931045532,30.163729906082153,30.088916063308716,30.06163191795349,30.012888193130493,30.09465980529785,30.05722212791443,30.027822017669678,30.00656819343567,30.15845489501953,30.005303859710693
23,ER_700_800_0.15_46,39,39,39,39,39,39,39,39,39,39,39,39,39,39,39,39,39,39,39,39,39,39,39,39,39,39,39,39,39,39,30.003240823745728,30.00296902656555,30.002514123916626,30.008259057998657,30.020099878311157,30.007567882537842,30.002980947494507,30.137022972106934,30.063877820968628,30.00314998626709,30.00330901145935,30.02860689163208,30.157921075820923,30.008140087127686,30.002400159835815,30.01448392868042,30.042428016662598,30.020704984664917,30.02380895614624,30.027724027633667,30.010129928588867,30.062500953674316,30.023086071014404,30.055989980697632,30.010422945022583,30.003304958343506,30.078526973724365,30.032927989959717,30.004271030426025,30.009485006332397
24,ER_700_800_0.15_113,39,39,39,39,39,39,39,39,39,39,39,39,39,39,39,39,39,39,39,39,39,39,39,39,39,39,39,39,39,39,30.004366874694824,30.00334405899048,30.00370693206787,30.02533984184265,30.00520396232605,30.01405096054077,30.00317692756653,30.006798028945923,30.031893968582153,30.022650003433228,30.015836000442505,30.006338119506836,30.029489040374756,30.006244897842407,30.0070538520813,30.023406982421875,30.01820683479309,30.00626802444458,30.0151309967041,30.134523153305054,30.027590036392212,30.003352880477905,30.003588914871216,30.03709602355957,30.024014949798584,30.02498507499695,30.040728092193604,30.010789155960083,30.005923986434937,30.00956702232361
25,ER_700_800_0.15_34,37,38,38,40,38,38,38,38,38,38,38,40,39,39,39,39,39,39,39,39,39,39,39,39,39,39,39,39,39,39,30.04124903678894,30.033297061920166,30.036427974700928,31.787243127822876,30.129664182662964,30.03837490081787,30.121313095092773,30.03508496284485,30.01738691329956,30.076646089553833,30.022770881652832,30.19931387901306,30.018943071365356,30.036768913269043,30.155068159103394,30.028800010681152,30.008116006851196,30.767740964889526,30.05380892753601,30.002561807632446,30.05528497695923,30.184484004974365,30.04737401008606,30.00707197189331,30.003222942352295,30.014137029647827,30.0794620513916,30.055888891220093,30.00233292579651,30.036187171936035
26,ER_700_800_0.15_103,38,38,38,38,38,39,39,39,39,39,39,39,39,39,39,39,39,39,39,39,39,39,39,39,39,39,39,39,39,39,30.082420825958252,30.003205060958862,30.022461891174316,30.00254201889038,30.032920122146606,30.052592992782593,30.027966022491455,30.09474205970764,30.02898120880127,30.003376007080078,30.004451990127563,30.003721952438354,30.07454490661621,30.012120008468628,30.010602951049805,30.15647602081299,30.060455083847046,30.01066303253174,30.07806897163391,30.005338191986084,30.009823083877563,30.003989934921265,30.02957797050476,30.02760887145996,30.506475925445557,30.429272174835205,30.184296131134033,30.003559112548828,30.369324922561646,30.25753092765808
27,ER_700_800_0.15_24,38,39,39,39,39,39,39,39,39,39,39,39,39,39,39,39,39,39,39,39,39,39,39,39,39,39,39,39,39,39,30.217446088790894,30.029462814331055,30.008885860443115,30.003005981445312,30.007385969161987,30.00865411758423,30.01008105278015,30.005279779434204,30.004262924194336,30.02382516860962,30.006520986557007,30.007709980010986,30.00355887413025,30.00227403640747,30.012228965759277,30.010390996932983,30.00477886199951,30.003101110458374,30.0149929523468,30.00827407836914,30.004183053970337,30.004880905151367,30.004573106765747,30.008657932281494,30.007530212402344,30.005083084106445,30.0036678314209,30.004087924957275,30.00338912010193,30.00502896308899
28,ER_700_800_0.15_69,41,40,40,40,41,40,40,41,41,41,41,40,41,40,41,40,40,40,40,40,41,41,40,40,40,40,40,40,40,40,30.01845908164978,30.044761896133423,30.00329899787903,30.015997886657715,30.00271701812744,30.012609004974365,30.446084022521973,30.035817861557007,30.006827116012573,30.00824785232544,30.002783060073853,30.00887703895569,30.004059076309204,30.240482091903687,30.006446838378906,30.005012035369873,30.0506489276886,30.0122389793396,30.01681685447693,30.002261877059937,30.027952909469604,30.00786304473877,30.007312059402466,30.02225399017334,30.007341146469116,30.57725691795349,30.446721076965332,30.471212148666382,30.00423312187195,30.00220799446106
29,ER_700_800_0.15_79,40,39,39,39,39,39,39,39,39,39,39,39,39,39,39,39,39,39,39,39,39,39,39,39,39,39,39,39,39,39,30.003900051116943,30.005707025527954,30.00428009033203,30.00464105606079,30.02391815185547,30.212407112121582,30.085469007492065,30.009068965911865,30.00916886329651,30.07748007774353,30.007503032684326,30.00629687309265,30.27617311477661,30.011329889297485,30.144411087036133,30.0049991607666,30.23920702934265,30.012741804122925,30.310470819473267,30.01421093940735,30.20634388923645,30.02415704727173,30.00770902633667,30.185256958007812,30.21786093711853,30.01867389678955,30.214204788208008,30.172693967819214,30.24657106399536,30.337403059005737
30,ER_700_800_0.15_118,37,37,37,37,40,40,40,40,40,40,40,40,40,40,40,40,40,40,40,40,40,40,40,40,40,40,40,40,40,40,30.244977235794067,30.47848606109619,30.50767993927002,30.627031803131104,30.582197904586792,30.022104024887085,30.720628023147583,30.39823293685913,30.44187092781067,30.229472160339355,30.315319061279297,30.284740924835205,30.35873818397522,30.393468141555786,30.383649826049805,30.36046004295349,30.213860988616943,30.431539058685303,30.401745080947876,30.417315006256104,30.23897409439087,30.15288209915161,30.463563203811646,30.287272930145264,30.292078971862793,30.239563941955566,30.426856994628906,30.2481369972229,30.45419406890869,30.12504005432129
31,ER_700_800_0.15_108,38,38,38,38,38,38,38,38,38,38,38,38,38,38,38,38,38,39,39,39,39,39,39,39,39,39,39,39,39,39,30.00666308403015,30.00362801551819,30.005787134170532,30.007755041122437,30.0091450214386,30.00473403930664,30.00492215156555,30.00242781639099,30.003103971481323,30.002164840698242,30.00263500213623,30.007996797561646,30.02727198600769,30.00883197784424,30.00455403327942,30.009217023849487,30.005754947662354,30.00401997566223,30.01122808456421,30.005722999572754,30.02229595184326,30.012921810150146,30.00499200820923,30.018745183944702,30.017988204956055,30.021604776382446,30.020302057266235,30.038356065750122,30.41084599494934,30.013702154159546
32,ER_700_800_0.15_86,39,39,39,39,39,39,39,39,39,39,39,39,39,39,39,39,39,39,39,39,39,39,39,39,39,39,39,39,39,39,30.005387783050537,30.18888783454895,30.046746015548706,30.015985012054443,30.537441968917847,30.01405692100525,30.012957096099854,30.003325939178467,30.82470989227295,30.899343013763428,30.69194793701172,30.589728832244873,30.19975709915161,30.321001052856445,30.006767988204956,30.497984886169434,30.22380805015564,30.015055179595947,30.011647939682007,30.009557962417603,30.031920909881592,30.004382848739624,30.012825965881348,30.040584087371826,30.070058822631836,30.004216194152832,30.00393795967102,30.003206968307495,30.024742126464844,30.009426832199097
33,ER_700_800_0.15_96,40,38,38,38,38,38,38,38,38,38,38,38,38,38,38,38,38,38,40,38,38,38,38,38,38,38,39,39,39,39,30.01125192642212,30.296121835708618,30.003697156906128,30.015871047973633,30.00433111190796,30.007259845733643,30.01220417022705,30.034823894500732,30.013460874557495,30.026628971099854,30.00827693939209,30.027459144592285,30.0072979927063,30.005535125732422,30.039910078048706,30.02401304244995,30.010185956954956,30.03171992301941,30.004362106323242,30.003844022750854,30.00518798828125,30.083688020706177,30.015371084213257,30.006765127182007,30.00551199913025,30.325791120529175,30.00908899307251,30.003415822982788,30.006423950195312,30.006705045700073
34,ER_700_800_0.15_62,39,39,40,40,40,40,40,40,40,40,40,40,40,40,40,40,40,40,40,40,40,40,40,40,40,40,40,40,40,40,30.03361701965332,30.141512870788574,30.014543056488037,30.003849983215332,30.013684034347534,30.40806484222412,30.27347493171692,30.10577702522278,30.224854946136475,30.473732948303223,30.374308824539185,30.3558030128479,30.116579055786133,30.179792881011963,30.525640964508057,30.55400800704956,30.03840184211731,30.442036867141724,30.752074003219604,30.006152153015137,30.004337072372437,30.204751014709473,30.173792123794556,30.200044870376587,30.662049055099487,30.33019185066223,30.40746808052063,30.010908842086792,30.30376887321472,30.05156898498535
35,ER_700_800_0.15_72,39,39,39,39,39,39,39,39,39,39,39,39,39,39,39,39,39,39,39,39,39,39,39,39,39,39,39,39,39,39,30.213819980621338,30.429044008255005,30.479830026626587,30.060725927352905,30.280874013900757,30.45985198020935,30.258828163146973,30.489891052246094,30.009485960006714,30.201682806015015,30.59778904914856,30.620127201080322,30.143469095230103,30.469712018966675,30.158637046813965,30.496633052825928,30.00898814201355,30.008568048477173,30.62714695930481,30.35255193710327,30.219999074935913,30.324174880981445,30.26177191734314,30.287137031555176,30.36673903465271,30.512855052947998,30.372525215148926,30.25437903404236,30.073506116867065,30.2535879611969
36,ER_700_800_0.15_7,39,39,40,40,40,40,40,40,40,40,40,40,40,40,40,40,40,40,40,40,40,40,40,40,40,40,40,40,40,40,30.011834144592285,30.011044025421143,30.004752159118652,30.005659103393555,30.08601212501526,30.012763023376465,30.012962102890015,30.044607877731323,30.012606859207153,30.016770124435425,30.016491889953613,30.254703044891357,30.022338151931763,30.035265922546387,30.019721031188965,30.152374029159546,30.01263999938965,30.494467973709106,30.402040004730225,30.008828163146973,30.219360828399658,30.01151704788208,30.035863876342773,30.17385220527649,30.019845962524414,30.004316091537476,30.042217016220093,30.210526943206787,30.316182136535645,30.261945962905884
37,ER_700_800_0.15_127,40,40,40,40,40,40,40,40,40,40,40,40,40,40,40,40,40,40,40,40,40,40,40,40,40,40,40,40,40,40,30.373827934265137,30.399685859680176,30.21857714653015,30.633421182632446,30.0103440284729,30.730705976486206,30.23087501525879,30.22253918647766,30.174202919006348,30.540151834487915,30.16230297088623,30.02270007133484,30.175076961517334,30.28798794746399,30.021796941757202,30.121596097946167,30.120808839797974,30.01670503616333,30.12726902961731,30.206303119659424,30.263760089874268,30.11769700050354,30.192123889923096,30.386164903640747,30.172708988189697,30.343345165252686,30.078118085861206,30.00394105911255,30.085561990737915,30.0174400806427
38,ER_700_800_0.15_10,38,39,41,40,40,40,40,41,40,40,40,40,40,40,41,41,41,40,41,41,40,41,41,41,40,41,40,40,41,40,30.004988193511963,30.005032062530518,30.009511947631836,30.004229068756104,30.008387088775635,30.007571935653687,30.009575843811035,30.00603199005127,30.003276824951172,30.005446195602417,30.002359867095947,30.009804010391235,30.00604510307312,30.010677814483643,30.00940990447998,30.010324001312256,30.00427794456482,30.004456043243408,30.005141019821167,30.002756118774414,30.003511905670166,30.022122144699097,30.003511905670166,30.003144025802612,30.009783029556274,30.003076791763306,30.00415587425232,30.004390954971313,30.004979133605957,30.004804134368896
39,ER_700_800_0.15_101,38,38,38,39,41,41,41,41,41,41,41,41,41,41,41,41,41,41,41,41,41,41,41,41,41,41,41,41,41,41,30.16538119316101,30.255518198013306,30.20684003829956,30.19433307647705,30.317102193832397,30.507948875427246,30.216604948043823,30.224432945251465,30.349797010421753,30.617094039916992,30.144606828689575,30.337487936019897,30.19906997680664,30.309438943862915,30.265860080718994,30.449417114257812,30.18589496612549,30.43488121032715,30.42153000831604,30.30292510986328,30.107918977737427,30.10295295715332,30.18097710609436,30.415645122528076,30.261579990386963,30.10271692276001,30.184417009353638,30.163917064666748,30.1950740814209,30.344242811203003
40,ER_700_800_0.15_26,40,40,38,39,39,39,39,39,39,39,39,39,39,39,39,39,39,39,39,39,39,39,39,39,39,39,39,39,39,39,30.00218105316162,30.004522800445557,30.00456190109253,30.004262924194336,30.004043102264404,30.00307607650757,30.004204034805298,30.011157989501953,30.002954959869385,30.009321928024292,30.01387596130371,30.020915031433105,30.005359888076782,30.00615882873535,30.0063579082489,30.00328803062439,30.0038480758667,30.003187894821167,30.00990390777588,30.004103183746338,30.006128072738647,30.00524401664734,30.00662112236023,30.01036787033081,30.00401997566223,30.003501892089844,30.00763702392578,30.01180410385132,30.003545999526978,30.00300407409668
41,ER_700_800_0.15_111,41,41,41,41,40,40,40,40,40,40,40,40,40,40,40,40,40,40,40,40,40,40,40,40,40,40,40,40,40,40,30.015668153762817,30.00273895263672,30.01952600479126,30.010674953460693,30.002592086791992,30.104326009750366,30.017788887023926,30.003937005996704,30.004260778427124,30.01690697669983,30.003661155700684,30.011105060577393,30.02432107925415,30.238912105560303,30.147202014923096,30.004591941833496,30.007786989212036,30.010152101516724,30.006616830825806,30.13297700881958,30.010191917419434,30.150297164916992,30.006829023361206,30.44150400161743,30.005112171173096,30.005465984344482,30.013813972473145,30.013239860534668,30.00267195701599,30.00362801551819
42,ER_700_800_0.15_36,41,41,41,41,41,41,41,41,41,41,41,41,41,41,41,41,41,41,41,41,41,41,41,41,41,41,41,41,41,41,30.036057233810425,30.00905990600586,30.26119899749756,30.16926908493042,30.293181896209717,30.01408886909485,30.116694927215576,30.41464900970459,30.17955994606018,30.33357286453247,30.14553189277649,30.50936794281006,30.13619899749756,30.01598310470581,30.259040117263794,30.005618810653687,30.101910829544067,30.09742498397827,30.382906198501587,30.00653314590454,30.120159149169922,30.419381141662598,30.022205114364624,30.115556001663208,30.01134705543518,30.056173086166382,30.211877822875977,30.08822202682495,30.043083906173706,30.341646909713745
43,ER_700_800_0.15_44,39,39,39,39,40,40,40,40,40,40,40,40,40,40,40,40,40,40,40,40,40,40,40,40,40,40,40,40,40,40,30.52721405029297,30.27508282661438,30.556365966796875,30.45884084701538,30.444061994552612,30.51393413543701,30.411282062530518,30.27992296218872,30.279359102249146,30.212018966674805,30.227086067199707,30.250309944152832,30.15832209587097,30.306789875030518,30.37273406982422,30.78220295906067,30.28089690208435,30.70925807952881,30.601292848587036,30.393413066864014,30.359336853027344,30.196005821228027,30.479570865631104,30.21645712852478,30.86900496482849,30.717707872390747,30.484787940979004,30.35008692741394,30.341328859329224,30.345600128173828
44,ER_700_800_0.15_54,39,39,39,39,39,39,39,39,39,39,39,39,39,39,39,39,39,39,39,39,39,39,39,39,39,39,39,39,39,39,30.42634081840515,30.40535020828247,30.455346822738647,30.23264193534851,30.210100173950195,30.214318990707397,30.351825952529907,30.044415950775146,30.2414391040802,30.32811689376831,30.19980001449585,30.453211069107056,30.511525869369507,30.55025005340576,30.463899850845337,30.146461963653564,30.186590909957886,30.54168200492859,30.1688289642334,30.70349407196045,30.271699905395508,30.445794105529785,30.395522117614746,30.41475486755371,30.52336812019348,30.36080312728882,30.331212997436523,30.190123081207275,30.531898021697998,30.504889965057373
45,ER_700_800_0.15_19,40,40,40,40,40,40,40,40,40,40,40,40,40,40,40,40,40,40,40,40,40,40,40,40,41,40,40,41,41,41,30.005846977233887,30.00222110748291,30.009402990341187,30.002607822418213,30.012871980667114,30.012575149536133,30.032909870147705,30.00936794281006,30.00973391532898,30.002808809280396,30.006968021392822,30.017202138900757,30.031975030899048,30.02338981628418,30.02898097038269,30.005218982696533,30.00521492958069,30.041130781173706,30.004338026046753,30.01480793952942,30.01187300682068,30.00449800491333,30.00307011604309,30.009629011154175,30.00833487510681,30.005949020385742,30.00400400161743,30.008044958114624,30.026325225830078,30.003769874572754
46,ER_700_800_0.15_37,40,40,40,40,40,40,40,40,40,40,40,40,40,40,40,40,40,40,40,40,40,40,40,40,40,40,40,40,40,40,30.004862070083618,30.003962993621826,30.006328105926514,30.004435062408447,30.002827167510986,30.002692937850952,30.004129886627197,30.003090858459473,30.002988815307617,30.00304889678955,30.005158185958862,30.0029239654541,30.022847175598145,30.01936101913452,30.02258014678955,30.02112913131714,30.027557849884033,30.021120071411133,30.017738103866577,30.020385026931763,30.029501914978027,30.021373987197876,30.028986930847168,30.022285223007202,30.022454977035522,30.019620895385742,30.007771015167236,30.020988941192627,30.02190613746643,30.019791841506958
47,ER_700_800_0.15_110,40,40,40,40,40,41,41,41,41,41,41,41,41,41,41,41,41,41,41,41,41,41,41,41,41,41,41,41,41,41,30.019553899765015,30.025444984436035,30.01779794692993,30.021278142929077,30.02100110054016,30.02798318862915,30.021136045455933,30.026111125946045,30.01257300376892,30.02124309539795,30.02446699142456,30.011271953582764,30.021492958068848,30.010679006576538,30.02414894104004,30.021899938583374,30.019267082214355,30.02056097984314,30.018574953079224,30.025099992752075,30.01816487312317,30.019799947738647,30.02374291419983,30.025772094726562,30.0188729763031,30.01894211769104,30.021076917648315,30.017434120178223,30.020267963409424,30.026532888412476
48,ER_700_800_0.15_27,40,40,40,40,40,40,40,40,40,40,40,40,40,40,40,40,40,40,40,40,40,40,40,40,40,40,40,40,40,40,30.022831201553345,30.021222829818726,30.02283501625061,30.01879596710205,30.02339005470276,30.023701190948486,30.02008295059204,30.02195978164673,30.021812200546265,30.018675088882446,30.007209062576294,30.025586128234863,30.01751184463501,30.007021188735962,30.019105911254883,30.024412870407104,30.02844500541687,30.003098964691162,30.021830797195435,30.02191710472107,30.023181915283203,30.02027702331543,30.019070863723755,30.0053231716156,30.020697116851807,30.023893117904663,30.022415161132812,30.02094602584839,30.025829792022705,30.019052028656006
49,ER_700_800_0.15_100,41,41,41,41,41,41,41,41,41,41,41,41,41,41,41,41,41,41,41,41,41,41,41,41,41,41,41,41,41,41,30.256202936172485,30.00164794921875,30.013617038726807,30.00237798690796,30.002560138702393,30.18338918685913,30.00275993347168,30.201694011688232,30.005938053131104,30.001765966415405,30.002426862716675,30.00318193435669,30.00556492805481,30.119786977767944,30.00221586227417,30.00360417366028,30.218374967575073,30.010262966156006,30.00273895263672,30.240153074264526,30.001528024673462,30.002921104431152,30.197792053222656,30.00263786315918,30.00296902656555,30.004394054412842,30.002619981765747,30.00369691848755,30.016663074493408,30.003592014312744
50,ER_700_800_0.15_55,41,41,41,41,40,40,40,40,40,40,40,40,40,40,40,40,40,40,40,40,40,40,40,40,40,40,40,40,40,40,30.002626180648804,30.002938985824585,30.00286602973938,30.002914905548096,30.003055810928345,30.0050950050354,30.00378394126892,30.01598811149597,30.00340700149536,30.00309419631958,30.00356698036194,30.003655195236206,30.007041931152344,30.00375485420227,30.002540111541748,30.002620220184326,30.010021924972534,30.002349853515625,30.004088163375854,30.002737045288086,30.002974033355713,30.002905130386353,30.002969980239868,30.002819061279297,30.00281000137329,30.00348401069641,30.003551959991455,30.001830101013184,30.00474786758423,30.003545999526978
51,ER_700_800_0.15_45,38,39,39,38,38,38,38,38,38,38,38,41,41,41,41,41,41,41,41,41,41,41,41,41,41,41,41,41,41,41,30.02474808692932,30.020264148712158,30.00490689277649,30.008704900741577,30.006847858428955,30.032315015792847,30.024937868118286,30.02393889427185,30.008697986602783,30.007740020751953,30.021806001663208,30.021409034729004,30.0210177898407,30.00867199897766,30.020041942596436,30.019364833831787,30.01870584487915,30.02375292778015,30.016541004180908,30.023125886917114,30.02072310447693,30.02525305747986,30.02066397666931,30.018747091293335,30.020822048187256,30.023340940475464,30.020823001861572,30.021716117858887,30.0206618309021,30.021546840667725
52,ER_700_800_0.15_18,42,42,42,42,42,42,42,42,42,42,42,42,42,42,42,42,42,42,41,41,41,41,41,41,41,41,41,41,41,41,30.002126932144165,30.00345516204834,30.002457857131958,30.002725839614868,30.003785133361816,30.00299382209778,30.003674030303955,30.002801179885864,30.002856969833374,30.00255012512207,30.00283408164978,30.00366997718811,30.003005981445312,30.00444006919861,30.002076864242554,30.002806901931763,30.002361059188843,30.002174854278564,30.002965927124023,30.002377033233643,30.003237009048462,30.00288200378418,30.005578994750977,30.002543926239014,30.0029718875885,30.0032479763031,30.005183935165405,30.002540111541748,30.002137899398804,30.002394199371338
53,ER_700_800_0.15_97,38,40,40,40,40,40,40,40,40,40,40,40,40,40,40,40,40,40,40,40,40,40,40,40,40,40,40,40,40,40,30.009799003601074,30.00489115715027,30.006242990493774,30.004866123199463,30.004706859588623,30.00433087348938,30.002432107925415,30.004934072494507,30.00327706336975,30.00734806060791,30.00319504737854,30.006148099899292,30.00425386428833,30.004045963287354,30.003690004348755,30.005391836166382,30.004979848861694,30.0051748752594,30.009021043777466,30.00418210029602,30.004592895507812,30.0038640499115,30.005205869674683,30.002887964248657,30.005791902542114,30.004503965377808,30.002953052520752,30.00406289100647,30.00385093688965,30.00565195083618
54,ER_700_800_0.15_87,40,40,40,40,40,40,40,40,40,40,40,40,40,40,40,40,40,40,40,40,40,40,40,40,40,40,41,41,41,41,30.006656169891357,30.009271144866943,30.00314497947693,30.0033221244812,30.002095937728882,30.003859996795654,30.006078958511353,30.00831389427185,30.004348039627075,30.00352692604065,30.003649950027466,30.004488945007324,30.002789974212646,30.00467300415039,30.00645685195923,30.006065130233765,30.01673913002014,30.003422021865845,30.00304412841797,30.003476858139038,30.00223398208618,30.00400400161743,30.0030460357666,30.0030620098114,30.00336790084839,30.00318694114685,30.003231048583984,30.004278898239136,30.0056049823761,30.0104660987854
55,ER_700_800_0.15_109,39,39,39,40,40,40,40,40,40,40,40,40,40,40,40,40,40,40,40,40,40,40,40,40,40,40,40,40,40,40,30.002296209335327,30.002706050872803,30.003090858459473,30.00340700149536,30.002312898635864,30.002335786819458,30.00802516937256,30.0031099319458,30.003366947174072,30.006991863250732,30.003060817718506,30.0037579536438,30.0031521320343,30.00277090072632,30.004992961883545,30.002965927124023,30.004453897476196,30.01181697845459,30.003257036209106,30.006021976470947,30.003713846206665,30.002315998077393,30.002769947052002,30.002973079681396,30.00316095352173,30.00270104408264,30.003384113311768,30.00318694114685,30.003583192825317,30.003509998321533
56,ER_700_800_0.15_119,43,43,43,43,43,43,43,43,41,41,41,41,41,41,41,41,41,41,41,41,41,41,41,41,41,41,41,41,41,41,30.004000902175903,30.00421714782715,30.11668300628662,30.121548891067505,30.071141004562378,30.00403594970703,30.086653232574463,30.004332065582275,30.003402948379517,30.006263971328735,30.008424043655396,30.002694129943848,30.082968950271606,30.015889883041382,30.00541090965271,30.018040895462036,30.003280878067017,30.040942907333374,30.072323083877563,30.004833936691284,30.051927089691162,30.00226616859436,30.114485025405884,30.00555109977722,30.003082990646362,30.006013870239258,30.016196966171265,30.004036903381348,30.003772974014282,30.120092153549194
57,ER_700_800_0.15_6,41,41,41,41,41,41,41,41,41,41,41,41,41,41,41,41,41,41,41,41,41,41,41,41,41,41,41,41,41,41,30.00470995903015,30.003463983535767,30.004412174224854,30.00802993774414,30.007027864456177,30.003794193267822,30.0089271068573,30.004996061325073,30.006510019302368,30.009644031524658,30.0281240940094,30.0091769695282,30.00594687461853,30.030345916748047,30.02808403968811,30.00430703163147,30.004565954208374,30.003175973892212,30.004453897476196,30.03486704826355,30.006582975387573,30.00810194015503,30.00332999229431,30.0034761428833,30.006380081176758,30.005822896957397,30.004630088806152,30.009114027023315,30.00318694114685,30.00559091567993
58,ER_700_800_0.15_73,40,40,40,40,40,40,40,40,40,40,40,40,40,40,40,40,40,40,40,40,40,40,40,40,40,40,40,40,40,40,30.023684978485107,30.020751953125,30.021788120269775,30.01975703239441,30.027091026306152,30.016522884368896,30.018707036972046,30.02001404762268,30.020955085754395,30.021223068237305,30.023833990097046,30.02337098121643,30.021764993667603,30.020155906677246,30.022718906402588,30.02489709854126,30.02231502532959,30.01888918876648,30.00994896888733,30.035892009735107,30.021376848220825,30.029104948043823,30.008177995681763,30.021150827407837,30.018450021743774,30.020405054092407,30.0157470703125,30.02072811126709,30.022109985351562,30.019850969314575
59,ER_700_800_0.15_63,41,41,41,40,40,40,40,40,40,40,40,40,40,40,40,40,40,40,40,40,40,40,40,40,40,40,40,40,40,40,30.011327028274536,30.025527000427246,30.02350616455078,30.021210193634033,30.021360874176025,30.00187587738037,30.002774000167847,30.022541999816895,30.002758979797363,30.003042936325073,30.022403955459595,30.002514123916626,30.002672910690308,30.003193140029907,30.002201080322266,30.002783060073853,30.001816034317017,30.002774953842163,30.002875089645386,30.00254201889038,30.002824068069458,30.003407955169678,30.002583026885986,30.002588987350464,30.001972913742065,30.002984046936035,30.00235605239868,30.002652168273926,30.00195813179016,30.002018928527832
60,ER_700_800_0.15_11,39,39,39,39,39,39,39,39,39,39,39,39,39,39,39,39,39,39,39,39,39,39,39,39,39,39,39,39,39,39,30.023383140563965,30.00945496559143,30.00182795524597,30.003662109375,30.00269603729248,30.009915828704834,30.00183606147766,30.013103008270264,30.00267791748047,30.00357413291931,30.001862049102783,30.00483798980713,30.00263214111328,30.003103017807007,30.003028869628906,30.00317406654358,30.00248694419861,30.002804040908813,30.001818895339966,30.003451108932495,30.003456830978394,30.00249409675598,30.002222061157227,30.005741834640503,30.00729203224182,30.00352382659912,30.00236487388611,30.00839400291443,30.004435062408447,30.00320601463318
61,ER_700_800_0.15_126,40,40,40,40,40,40,41,41,41,41,41,41,41,41,41,41,41,41,41,41,41,41,41,41,41,41,41,41,41,41,30.00353693962097,30.009263038635254,30.005648851394653,30.006381034851074,30.01139497756958,30.003147840499878,30.019635915756226,30.00710105895996,30.005422115325928,30.002260208129883,30.003073930740356,30.00302791595459,30.003416061401367,30.002641201019287,30.00360608100891,30.014798879623413,30.003327131271362,30.003058195114136,30.00261402130127,30.003652095794678,30.00305700302124,30.001922845840454,30.003227949142456,30.003135919570923,30.00291919708252,30.00330901145935,30.003493070602417,30.00232195854187,30.002923011779785,30.00200390815735
62,ER_700_800_0.15_3,39,39,39,41,41,41,41,41,41,41,41,41,41,41,41,41,41,41,41,41,41,41,41,40,40,40,40,40,40,40,30.002497911453247,30.003293991088867,30.00217604637146,30.008400917053223,30.00340509414673,30.00480890274048,30.002592086791992,30.003000020980835,30.002151012420654,30.002806186676025,30.01961398124695,30.01027798652649,30.023298978805542,30.00633978843689,30.003942012786865,30.003139972686768,30.005093097686768,30.004523038864136,30.01374101638794,30.00851798057556,30.003406047821045,30.002811193466187,30.002554893493652,30.02245807647705,30.002241134643555,30.00334405899048,30.009839057922363,30.00252890586853,30.003246784210205,30.022506952285767
63,ER_700_800_0.15_66,40,40,40,40,40,40,40,40,40,40,40,40,40,40,40,40,40,40,40,40,40,40,40,40,40,40,40,40,40,40,30.06551504135132,30.077622890472412,30.12760615348816,30.10695505142212,30.124844789505005,30.063187837600708,30.066357851028442,30.09609603881836,30.08612298965454,30.056968927383423,30.066869974136353,30.128365993499756,30.084616899490356,30.08280301094055,30.0924551486969,30.067650079727173,30.118441104888916,30.150331020355225,30.06050992012024,30.163917064666748,30.071534872055054,30.078069925308228,30.062052965164185,30.148626804351807,30.164565086364746,30.052356958389282,30.136101961135864,30.0777428150177,30.095782041549683,30.11087393760681
64,ER_700_800_0.15_76,39,40,40,40,40,40,40,40,40,40,40,40,40,40,40,40,40,40,40,40,40,40,40,40,40,40,40,40,40,40,30.01817488670349,30.020915985107422,30.021135091781616,30.00318694114685,30.02120590209961,30.020596981048584,30.00981307029724,30.021316051483154,30.022309064865112,30.017672061920166,30.01849102973938,30.023449182510376,30.02281618118286,30.023144960403442,30.02055597305298,30.02294898033142,30.020951986312866,30.02034306526184,30.020097970962524,30.021363973617554,30.02083683013916,30.022892951965332,30.019273042678833,30.01898503303528,30.01989483833313,30.02001404762268,30.018695831298828,30.018489122390747,30.019654035568237,30.01837921142578
65,ER_700_800_0.15_123,38,41,41,41,41,41,41,41,41,41,41,41,41,41,41,41,41,41,41,41,41,41,41,41,41,41,41,41,41,41,30.01963186264038,30.016671895980835,30.020583868026733,30.017103910446167,30.01601219177246,30.02542495727539,30.020700931549072,30.01860809326172,30.02209997177124,30.020281076431274,30.02037000656128,30.018465995788574,30.01864504814148,30.021132946014404,30.01663303375244,30.024407148361206,30.02190589904785,30.020885944366455,30.018861055374146,30.01883292198181,30.020302057266235,30.021965980529785,30.02092719078064,30.024156093597412,30.021185159683228,30.023149013519287,30.011908054351807,30.016767024993896,30.021625995635986,30.02300786972046
66,ER_700_800_0.15_14,40,40,40,40,40,40,40,40,40,40,40,40,40,40,40,40,40,40,40,40,40,40,40,40,40,40,40,40,40,40,30.02251696586609,30.022468090057373,30.021370887756348,30.021907806396484,30.023391008377075,30.019384145736694,30.02025008201599,30.019219875335693,30.00641894340515,30.021478176116943,30.02214789390564,30.004400968551636,30.018746852874756,30.020869970321655,30.018049001693726,30.004338026046753,30.008949995040894,30.01788902282715,30.02157497406006,30.016353130340576,30.023320198059082,30.00649404525757,30.0191068649292,30.003745079040527,30.022753953933716,30.02209711074829,30.020840167999268,30.020745992660522,30.00817608833313,30.021199941635132
67,ER_700_800_0.15_59,41,41,41,41,41,41,41,41,41,41,41,41,41,41,42,40,40,40,40,40,40,40,40,40,40,40,40,40,40,40,30.00335383415222,30.004000186920166,30.003769874572754,30.003997087478638,30.003066062927246,30.02079701423645,30.00367498397827,30.018386125564575,30.020992040634155,30.002800941467285,30.020066022872925,30.02725887298584,30.026175022125244,30.003369092941284,30.007131099700928,30.034733057022095,30.012027978897095,30.008315086364746,30.355031967163086,30.006887912750244,30.010051012039185,30.01069712638855,30.011306047439575,30.004961013793945,30.00536012649536,30.003758192062378,30.011725902557373,30.225363969802856,30.023778915405273,30.23862385749817
68,ER_700_800_0.15_49,39,39,40,40,40,40,40,40,40,40,40,40,40,40,40,40,40,40,40,40,40,40,40,40,40,40,40,40,40,40,30.273113012313843,30.05718994140625,30.205509901046753,30.177466869354248,30.46183705329895,30.458009004592896,30.070502996444702,30.004544973373413,30.191575050354004,30.165215015411377,30.32427406311035,30.405471086502075,30.565736055374146,30.463582038879395,30.575566053390503,30.552151918411255,30.340142965316772,30.179363012313843,30.35308814048767,30.465238094329834,30.530800104141235,30.588359117507935,30.197803020477295,30.208685874938965,30.418620824813843,30.601412057876587,30.620348930358887,30.252220153808594,30.712915182113647,30.409271001815796
69,ER_700_800_0.15_82,40,39,39,39,39,39,39,39,39,39,39,39,39,39,39,39,39,39,39,39,39,39,39,39,39,39,39,39,39,39,30.445355892181396,30.200183868408203,30.064154863357544,30.608340978622437,30.00760579109192,30.008078813552856,30.01613998413086,30.010655164718628,30.015254020690918,30.008224964141846,30.1056809425354,30.010277032852173,30.016685962677002,30.011518001556396,30.00821590423584,30.026139974594116,30.03736186027527,30.02280902862549,30.128381967544556,30.008744955062866,30.00665307044983,30.01081395149231,30.00830101966858,30.077446937561035,30.416762828826904,30.021322011947632,30.005039930343628,30.021806001663208,30.011213064193726,30.01890802383423
70,ER_700_800_0.15_92,41,41,41,40,40,40,40,40,40,40,40,40,40,40,40,40,40,40,40,40,40,40,40,40,40,40,40,40,40,40,30.01457691192627,30.01750421524048,30.010760068893433,30.010603189468384,30.011411905288696,30.006935834884644,30.01575994491577,30.513556957244873,30.022645950317383,30.30855393409729,30.013596057891846,30.019006967544556,30.01828694343567,30.017810821533203,30.015522956848145,30.007812976837158,30.53342294692993,30.445186853408813,30.21097207069397,30.0279541015625,30.004451990127563,30.0137939453125,30.014824151992798,30.005598068237305,30.151262998580933,30.09461212158203,30.810877799987793,30.338747024536133,30.013866901397705,30.704663038253784
71,ER_700_800_0.15_22,39,39,40,40,40,40,40,40,39,40,40,40,40,40,40,40,40,40,40,40,40,40,40,40,40,40,40,40,40,40,30.006007194519043,30.57192301750183,30.4461510181427,30.07023811340332,31.30837917327881,31.461435079574585,30.211348056793213,30.463620901107788,30.004414081573486,30.37576913833618,30.46086311340332,30.610599994659424,30.33036494255066,30.47515296936035,30.005237102508545,30.75175714492798,30.511698961257935,30.407377004623413,30.248502016067505,30.499412059783936,30.293966054916382,30.004175901412964,30.568440198898315,30.02861785888672,30.231945037841797,30.01016092300415,30.562673091888428,30.008620023727417,30.56451106071472,30.0115749835968
72,ER_700_800_0.15_105,38,38,38,38,38,38,38,38,38,38,40,40,40,40,40,40,40,40,40,40,40,40,40,40,40,40,40,40,40,40,30.096885919570923,30.004199981689453,30.039704084396362,30.05071210861206,30.26028299331665,30.4614200592041,30.050668001174927,30.00853204727173,30.4138081073761,30.272248029708862,30.540927171707153,30.009634017944336,30.05672812461853,30.16716718673706,30.014020919799805,30.236974954605103,30.008032083511353,30.005470991134644,30.055233001708984,30.005964994430542,30.0089590549469,30.003507137298584,30.00656294822693,30.005221843719482,30.005737781524658,30.00533890724182,30.011632919311523,30.14708113670349,30.52099299430847,30.005845069885254
73,ER_700_800_0.15_32,38,38,38,40,40,40,40,40,40,40,40,40,40,40,40,40,40,40,40,40,40,40,40,40,40,40,40,40,40,40,30.015886068344116,30.014240026474,30.0147488117218,30.011717081069946,30.010971069335938,30.005867958068848,30.006516933441162,30.015810012817383,30.010020971298218,30.421916961669922,30.015997886657715,30.35591197013855,30.01244616508484,30.00762701034546,30.01287007331848,30.00555992126465,30.01574206352234,30.00716519355774,30.006025075912476,30.0106680393219,30.010162115097046,30.008564949035645,30.05553913116455,30.51869297027588,30.015233993530273,30.366790056228638,30.240311861038208,30.010430097579956,30.006723165512085,30.006654024124146
74,ER_700_800_0.15_115,39,39,40,40,40,40,40,40,40,40,40,40,40,40,40,40,40,40,40,40,40,40,40,40,40,40,40,40,40,40,30.004644870758057,30.014482975006104,30.787477016448975,30.06686305999756,30.010119915008545,30.804690837860107,30.00430989265442,30.019150018692017,30.00945806503296,30.15202808380127,30.01330280303955,30.868890047073364,30.008883953094482,30.392438888549805,30.60392713546753,30.75153398513794,30.635493993759155,30.585734128952026,30.485526084899902,30.619171857833862,30.01015591621399,30.026652097702026,30.432417154312134,30.321937084197998,30.562714099884033,30.585623025894165,30.841027975082397,30.710694074630737,30.60543990135193,30.41653299331665
75,ER_700_800_0.15_40,39,39,39,39,39,39,39,39,39,39,39,39,39,39,39,39,39,39,39,39,39,39,39,39,39,39,39,39,39,39,30.00635004043579,30.422133922576904,30.007503986358643,30.349316120147705,30.004796028137207,30.007240056991577,30.00804591178894,30.19230318069458,30.01404094696045,30.019640922546387,30.009853839874268,30.00832509994507,30.356878995895386,30.337444067001343,30.015034914016724,30.011082887649536,31.2080340385437,30.05397319793701,30.014631032943726,30.068315982818604,30.0139799118042,30.30330514907837,30.081403017044067,30.664348125457764,30.601176977157593,30.00590991973877,30.054696798324585,30.011326789855957,30.007795095443726,30.017217874526978
76,ER_700_800_0.15_50,38,38,38,38,38,38,40,40,40,40,40,40,40,40,40,40,40,40,40,40,40,40,40,40,40,40,40,40,40,40,31.29814910888672,30.115612983703613,30.738819122314453,30.32233691215515,30.950448989868164,30.019702911376953,30.615575075149536,30.28082799911499,30.659257173538208,30.43044900894165,30.1442449092865,30.571578979492188,30.06037712097168,30.01132106781006,30.010493993759155,30.008285999298096,30.017302989959717,30.50544786453247,30.638230085372925,30.368061065673828,30.46475601196289,30.46220111846924,30.544501066207886,30.258612155914307,30.290947198867798,30.356799125671387,30.01329517364502,30.515466928482056,30.04790997505188,30.007787942886353
77,ER_700_800_0.15_114,41,41,41,41,41,41,41,41,41,41,41,41,41,41,41,41,41,41,41,41,41,41,41,41,41,41,41,41,41,41,30.006425857543945,30.05718493461609,30.38401198387146,30.116533994674683,30.15526819229126,30.497722864151,30.323182821273804,30.00857710838318,30.2673499584198,30.104900121688843,30.15405511856079,30.32235884666443,30.010369062423706,30.004988193511963,30.00853180885315,30.01886510848999,30.009343147277832,30.01393985748291,30.015733003616333,30.002633810043335,30.012068033218384,30.00904607772827,30.002686023712158,30.00853991508484,30.008965969085693,30.007582902908325,30.265666961669922,30.503682851791382,30.354912042617798,30.433093070983887
78,ER_700_800_0.15_33,39,39,39,39,39,39,39,39,39,39,39,39,39,39,39,39,39,39,39,39,39,39,39,39,39,39,39,39,39,39,30.368332862854004,30.46962308883667,30.41196894645691,30.422774076461792,30.520069122314453,30.39790415763855,30.53585195541382,30.63696599006653,30.485374927520752,30.481150150299072,30.206187963485718,30.024857997894287,30.002903938293457,30.006118059158325,30.160335063934326,30.008355140686035,30.010677099227905,30.38829207420349,30.00776696205139,30.5221209526062,30.332345008850098,30.280269145965576,30.311094045639038,30.221118927001953,30.34828805923462,30.645655155181885,30.28199815750122,30.006498098373413,30.005043029785156,30.009775161743164
79,ER_700_800_0.15_104,40,40,40,40,40,40,40,40,40,40,40,41,40,39,40,39,39,39,39,39,39,40,39,39,39,39,39,39,39,39,30.003143072128296,30.007330179214478,30.006248950958252,30.0053129196167,30.00251603126526,30.004602909088135,30.00766682624817,30.009954929351807,30.008452892303467,30.0084969997406,30.002389192581177,30.003368854522705,30.007548093795776,30.00694513320923,30.007706880569458,30.00481104850769,30.005847930908203,30.213266134262085,30.002567052841187,30.338719844818115,30.027222871780396,30.019670009613037,30.007356882095337,30.165650129318237,30.175665855407715,30.566293954849243,30.642117023468018,30.023864030838013,30.81490707397461,30.470125913619995
80,ER_700_800_0.15_23,39,39,40,40,40,40,40,40,40,40,40,40,40,40,40,40,40,40,40,40,40,40,40,40,40,40,40,40,40,40,30.439498901367188,30.32252597808838,30.368522882461548,30.368115186691284,30.18721604347229,30.361819982528687,30.437865018844604,30.138910055160522,30.016880989074707,30.160770893096924,30.165274143218994,30.220924139022827,30.22747802734375,30.292211055755615,30.378875970840454,30.39103603363037,30.250447988510132,30.458608865737915,30.246891975402832,30.391241788864136,30.36025094985962,30.416511058807373,30.488210916519165,30.194118976593018,30.36667799949646,30.216943979263306,30.511548042297363,30.218621969223022,30.379244089126587,30.39579200744629
81,ER_700_800_0.15_51,39,39,39,39,39,39,39,39,39,39,39,39,39,39,39,39,39,39,39,39,43,43,43,43,43,43,43,43,43,43,30.011045932769775,30.00353193283081,30.0088210105896,30.00762701034546,30.007304191589355,30.01157808303833,30.01130509376526,30.0109920501709,30.057161808013916,30.007915019989014,30.002716064453125,30.0075101852417,30.009963989257812,30.002960920333862,30.00966787338257,30.01603412628174,30.133553981781006,30.005115032196045,30.003144025802612,30.006242036819458,30.00763201713562,30.002717971801758,30.003132820129395,30.00296187400818,30.006675958633423,30.06293296813965,30.00927209854126,30.003890991210938,30.055339097976685,30.26927900314331
82,ER_700_800_0.15_41,41,41,41,41,41,41,41,41,41,41,41,41,41,39,39,39,39,39,39,39,39,39,39,39,39,39,39,39,39,39,30.007418870925903,30.003082036972046,30.002618074417114,30.0058491230011,30.005608081817627,30.003741979599,30.006881952285767,30.003369092941284,30.003309965133667,30.00316619873047,30.006312131881714,30.005679845809937,30.003053903579712,30.00959801673889,30.004029989242554,30.00632095336914,30.0031099319458,30.057029962539673,30.002975940704346,30.003159999847412,30.002110958099365,30.006103992462158,30.003368139266968,30.002622842788696,30.005182027816772,30.02869701385498,30.003029823303223,30.01723313331604,30.005656957626343,30.004847049713135
83,ER_700_800_0.15_77,39,39,40,40,40,40,40,40,40,40,40,40,40,40,40,40,40,40,40,40,40,40,40,40,40,40,40,40,40,40,30.842952013015747,30.321874856948853,30.379503965377808,30.291267156600952,30.223625898361206,30.538862943649292,30.24722695350647,30.17346501350403,30.2946720123291,30.638421058654785,30.529156923294067,30.20467185974121,30.53112292289734,30.29990792274475,30.31453800201416,30.457854986190796,30.430070877075195,30.35109305381775,30.372624158859253,30.29743003845215,30.412374019622803,30.23025918006897,30.017252922058105,30.009522914886475,30.47754192352295,30.326948881149292,30.51181983947754,30.615646839141846,30.008270978927612,30.008275985717773
84,ER_700_800_0.15_67,38,39,42,42,42,42,42,42,42,42,42,42,42,42,42,42,42,42,42,42,42,42,42,42,42,42,42,42,42,42,30.00995707511902,30.01670813560486,30.25950598716736,30.00658106803894,30.015151023864746,30.015662908554077,30.031781911849976,30.273710012435913,30.386879920959473,30.4341938495636,30.2980477809906,30.140326976776123,30.46789312362671,30.25760793685913,30.415891885757446,30.31987500190735,30.514594078063965,30.292146921157837,30.42816996574402,30.200761795043945,30.517637968063354,30.209373950958252,30.511394023895264,30.269147157669067,30.377460956573486,30.22956085205078,30.4736909866333,30.22637104988098,30.42091703414917,30.31911015510559
85,ER_700_800_0.15_2,42,42,42,42,42,42,42,42,42,42,42,42,42,42,42,42,42,42,42,42,42,42,42,42,42,42,42,42,42,42,30.005987882614136,30.00211811065674,30.00259017944336,30.48684000968933,30.258339881896973,30.003599166870117,30.003801107406616,30.00425386428833,30.0048987865448,30.001940965652466,30.005019187927246,30.00472593307495,30.013012886047363,30.003329038619995,30.00222682952881,30.00522780418396,30.0029239654541,30.002291202545166,30.004924058914185,30.002336025238037,30.004523992538452,30.006749868392944,30.004865884780884,30.007359981536865,30.004054069519043,30.013594150543213,30.00390100479126,30.005993127822876,30.00205898284912,30.007314920425415
86,ER_700_800_0.15_15,39,39,39,39,39,39,40,40,40,40,40,40,40,40,40,40,40,40,40,40,40,40,40,40,40,40,40,40,40,40,30.1751868724823,30.512977123260498,30.481088161468506,30.320292949676514,30.213974952697754,30.247868061065674,30.373149156570435,30.271366119384766,30.42199683189392,30.47490096092224,30.543653964996338,30.425047159194946,30.547542095184326,30.49689507484436,30.30147695541382,30.5274498462677,30.38391900062561,30.45165514945984,30.55973505973816,30.497365951538086,30.004530906677246,30.154708862304688,30.271673917770386,30.40743398666382,30.443292140960693,30.21496605873108,30.334312915802002,30.38296413421631,30.234709978103638,30.25695013999939
87,ER_700_800_0.15_122,38,40,40,40,40,42,40,40,40,40,40,40,40,40,40,40,40,40,40,40,40,40,40,40,40,40,40,40,40,40,30.026103019714355,30.007702827453613,30.0084228515625,30.007072925567627,30.004367113113403,30.003568172454834,30.00331997871399,30.003921031951904,30.00955605506897,30.003777980804443,30.00634789466858,30.010192155838013,30.004003047943115,30.015100955963135,30.012149810791016,30.003690004348755,30.006683111190796,30.009268045425415,30.008298873901367,30.006792068481445,30.0053288936615,30.552305936813354,30.577078104019165,30.411929845809937,30.37626004219055,30.357764959335327,30.18555998802185,30.58329701423645,30.244466066360474,30.390552043914795
88,ER_700_800_0.15_48,39,39,39,39,41,41,41,41,41,41,41,41,41,41,41,41,41,41,41,41,41,41,41,41,41,41,41,41,41,41,30.36056399345398,30.357271194458008,30.463503122329712,30.4634428024292,30.087262868881226,30.187522172927856,30.02494192123413,30.08202600479126,30.025943994522095,30.69791603088379,30.01068687438965,30.341840028762817,30.06813097000122,30.292613983154297,30.481351137161255,30.02019500732422,30.02281093597412,30.020048141479492,30.188251972198486,30.16761088371277,30.004154920578003,30.00715708732605,30.015764951705933,30.431663990020752,30.586952924728394,30.40096116065979,30.02878499031067,30.019546031951904,30.004863023757935,30.22421908378601
89,ER_700_800_0.15_58,42,42,42,42,42,42,42,42,42,42,42,42,42,42,42,42,42,42,42,42,42,42,42,42,42,42,42,42,42,42,30.015969038009644,30.02564811706543,30.01410484313965,30.33894991874695,30.551990032196045,30.175345182418823,30.044756174087524,30.320603132247925,30.151074171066284,30.01238512992859,30.00876808166504,30.27976083755493,30.046233892440796,30.032952070236206,30.144935131072998,30.005209922790527,30.0117609500885,30.415947198867798,30.00884699821472,30.033968925476074,30.009387016296387,30.009156942367554,30.01135516166687,30.070335149765015,30.440547943115234,30.276124000549316,30.102482080459595,30.171005964279175,30.431602954864502,30.208718061447144
90,ER_700_800_0.15_93,39,39,39,39,39,39,39,39,39,39,39,39,39,39,39,39,39,39,39,40,39,40,39,39,39,39,39,39,39,39,30.012303113937378,30.059086084365845,30.039443969726562,30.00639510154724,30.00737690925598,30.00348997116089,30.003931999206543,30.027342081069946,30.005327939987183,30.05247688293457,30.00540781021118,30.00503396987915,30.00537419319153,30.00954508781433,30.00534200668335,30.004559993743896,30.004791021347046,30.004234790802002,30.004186153411865,30.005592107772827,30.003815174102783,30.00601291656494,30.004639863967896,30.00484800338745,30.070418119430542,30.0087628364563,30.00519585609436,30.00335693359375,30.005216121673584,30.008548974990845
91,ER_700_800_0.15_83,40,40,40,40,40,40,40,40,40,40,40,40,40,40,40,40,40,40,40,40,40,40,40,40,40,40,40,40,40,40,30.440748929977417,30.211035013198853,30.445133924484253,30.577370166778564,30.02183985710144,30.003268003463745,30.57531499862671,30.32068109512329,30.499479055404663,30.53140091896057,30.3485369682312,30.222063064575195,30.227407932281494,30.538141012191772,30.456429958343506,30.178186893463135,30.20542597770691,30.04670786857605,30.197338104248047,30.248646020889282,30.194671869277954,30.01093888282776,30.011722087860107,30.010533094406128,30.38342595100403,30.435724020004272,30.00505518913269,30.015980005264282,30.267894983291626,30.201324939727783
92,ER_700_800_0.15_9,37,37,38,39,39,39,39,39,39,39,39,39,39,39,39,39,39,39,39,39,39,39,39,39,39,39,39,39,39,39,30.01393413543701,30.011975049972534,30.009770154953003,30.038698196411133,30.05584692955017,30.615960836410522,30.010211944580078,30.01270318031311,30.006615161895752,30.015899181365967,30.995123863220215,30.007767915725708,30.01092791557312,30.32490611076355,30.333208084106445,30.017332792282104,30.141815900802612,30.472924947738647,30.229032039642334,30.527021884918213,30.36940097808838,30.005369901657104,30.00339102745056,30.00287914276123,30.00224208831787,30.00321912765503,30.00331997871399,30.002646923065186,30.003495931625366,30.002443075180054
93,ER_700_800_0.15_43,38,40,40,40,40,41,41,41,41,41,41,40,40,40,40,40,40,40,40,40,41,41,41,40,40,40,40,41,40,40,30.003488063812256,30.00448703765869,30.00343894958496,30.006387948989868,30.00565791130066,30.003586053848267,30.003405809402466,30.003149032592773,30.005824089050293,30.003628969192505,30.00350284576416,30.004610061645508,30.00342297554016,30.00688600540161,30.009161949157715,30.003149032592773,30.01377296447754,30.003729820251465,30.006070852279663,30.00941491127014,30.00369906425476,30.019906997680664,30.005131006240845,30.003284215927124,30.006289958953857,30.006662130355835,30.006558895111084,30.00336003303528,30.00791597366333,30.003282070159912
94,ER_700_800_0.15_53,38,41,41,41,41,41,41,41,41,41,41,41,41,41,41,41,41,41,41,41,41,41,41,41,41,41,41,41,41,41,30.582576036453247,30.311907052993774,30.592872858047485,30.602303981781006,30.17106795310974,30.525331020355225,30.350087881088257,30.48110604286194,30.50850796699524,30.308422088623047,30.00790286064148,30.005434036254883,30.01029396057129,30.148207902908325,30.545022010803223,30.590086936950684,30.461405038833618,30.426214933395386,30.381899118423462,30.45063090324402,30.515673875808716,30.38018488883972,30.27453112602234,30.529316902160645,30.51607394218445,30.364053964614868,30.449899911880493,30.280767917633057,30.5595600605011,30.43006992340088
95,ER_700_800_0.15_106,40,39,40,40,40,40,40,41,41,40,40,40,40,40,40,40,39,39,40,41,39,41,41,41,41,41,41,41,41,41,30.00305199623108,30.61908793449402,30.011574029922485,30.017000913619995,30.021942853927612,30.002830028533936,30.017390966415405,30.003890991210938,30.00417184829712,30.01741909980774,30.002193927764893,30.002744913101196,30.003326892852783,30.00760793685913,30.005189180374146,30.00894284248352,30.445027828216553,30.02851700782776,30.00599217414856,30.045386791229248,30.00388216972351,30.00318193435669,30.003437042236328,30.008923053741455,30.003774881362915,30.0034818649292,30.003423929214478,30.003515005111694,30.004709005355835,30.00472378730774
96,ER_700_800_0.15_21,38,38,38,38,38,38,38,38,38,38,40,40,40,40,40,40,40,40,40,40,40,40,40,40,40,40,40,40,40,40,30.003116130828857,30.003005027770996,30.003171920776367,30.010905981063843,30.005702018737793,30.005710124969482,30.003911018371582,30.00391983985901,30.002700805664062,30.002511978149414,30.002459049224854,30.002146005630493,30.002495050430298,30.002606868743896,30.003268003463745,30.002746105194092,30.002182960510254,30.003257036209106,30.00256109237671,30.003100156784058,30.00312614440918,30.003025770187378,30.002511978149414,30.002532958984375,30.003036975860596,30.002113103866577,30.00385594367981,30.003385066986084,30.00334095954895,30.00331687927246
97,ER_700_800_0.15_116,40,40,40,40,40,40,40,40,40,40,40,40,40,40,40,40,40,40,40,40,40,40,40,40,40,40,40,40,40,40,30.00313901901245,30.00307011604309,30.004730939865112,30.031264066696167,30.00395894050598,30.003674030303955,30.004712104797363,30.003535985946655,30.003602981567383,30.003174781799316,30.003108024597168,30.003214120864868,30.004321098327637,30.00328803062439,30.00281596183777,30.005700826644897,30.003355026245117,30.004846811294556,30.03086495399475,30.00419807434082,30.003226041793823,30.004421949386597,30.00331711769104,30.003183126449585,30.003341913223267,30.006323099136353,30.003376007080078,30.005941152572632,30.003133058547974,30.007102012634277
98,ER_700_800_0.15_31,39,39,39,39,39,39,41,41,40,40,40,40,40,40,40,40,40,40,40,40,40,40,40,40,40,40,40,40,40,40,30.30018401145935,30.254958152770996,30.38090419769287,30.38527512550354,30.49108600616455,30.47811722755432,30.04053497314453,30.16091799736023,30.005502939224243,30.01234197616577,30.204657077789307,30.0186550617218,30.42087197303772,30.011575937271118,30.46942687034607,30.09722399711609,30.32278084754944,30.00474977493286,30.008466005325317,30.39893102645874,30.22077488899231,30.586299896240234,30.32845687866211,30.522459983825684,30.300637006759644,30.224905967712402,30.24956703186035,30.018919944763184,30.372636795043945,30.2766330242157
99,ER_700_800_0.15_98,41,41,41,41,41,41,41,41,41,41,41,41,41,41,41,41,41,41,41,41,41,41,41,41,41,41,41,41,41,41,30.063633918762207,30.006612062454224,30.002888917922974,30.041898012161255,30.00254201889038,30.008493900299072,30.002835035324097,30.00249695777893,30.00865602493286,30.007614850997925,30.27800989151001,30.006607055664062,30.006980895996094,30.008216857910156,30.002684831619263,30.004735231399536,30.00282597541809,30.002695083618164,30.006916046142578,30.009768962860107,30.00264596939087,30.00268793106079,30.010252952575684,30.0100040435791,30.002610206604004,30.0070960521698,30.010632038116455,30.002697944641113,30.005166053771973,30.002601861953735
100,ER_700_800_0.15_88,43,39,39,39,39,39,39,39,39,39,39,39,39,39,39,39,39,39,39,39,39,39,39,39,39,39,39,39,39,39,30.003321170806885,30.001909971237183,30.003154039382935,30.024280786514282,30.004246950149536,30.00331401824951,30.00420117378235,30.00499415397644,30.00325298309326,30.00318694114685,30.00467085838318,30.00359296798706,30.00403094291687,30.006150007247925,30.006055116653442,30.003923177719116,30.004523038864136,30.008507013320923,30.00341296195984,30.003532886505127,30.003050804138184,30.003760814666748,30.0206298828125,30.003161907196045,30.002022981643677,30.003338098526,30.00211811065674,30.039910793304443,30.001965045928955,30.006644010543823
101,ER_700_800_0.15_120,40,40,40,40,40,40,40,40,42,42,42,42,42,42,42,42,42,42,42,42,42,42,42,42,42,42,42,42,42,42,30.00881314277649,30.005188941955566,30.00367283821106,30.00656509399414,30.003573179244995,30.003576040267944,30.00350284576416,30.003745079040527,30.00353503227234,30.005763053894043,30.003478050231934,30.007293224334717,30.00522518157959,30.004591941833496,30.00692391395569,30.003406047821045,30.00351595878601,30.004897117614746,30.004873991012573,30.00535798072815,30.004167795181274,30.00361180305481,30.005409002304077,30.005939960479736,30.009806871414185,30.00510597229004,30.003477096557617,30.005413055419922,30.005709886550903,30.00375986099243
102,ER_700_800_0.15_17,38,38,38,38,38,38,38,38,38,38,38,38,38,38,38,38,38,38,38,38,38,38,38,38,38,38,38,38,38,38,30.003554105758667,30.013850927352905,30.005757093429565,30.00911593437195,30.004234075546265,30.00609588623047,30.00368094444275,30.00559401512146,30.00564217567444,30.003462076187134,30.007781982421875,30.003453016281128,30.00601291656494,30.00316596031189,30.003230094909668,30.004677057266235,30.00400400161743,30.009182929992676,30.026804208755493,30.005149841308594,30.005366802215576,30.003968954086304,30.006327152252197,30.003745794296265,30.00328493118286,30.00527787208557,30.004128217697144,30.006678819656372,30.003355026245117,30.00940203666687
103,ER_700_800_0.15_65,40,40,40,40,40,40,40,40,40,40,40,40,40,40,40,40,40,40,40,40,40,40,40,40,40,40,40,40,40,40,30.006829023361206,30.37333083152771,30.008599042892456,30.030248880386353,30.56806993484497,30.004871129989624,30.050423860549927,30.07974600791931,30.09538507461548,30.039220094680786,30.654728174209595,30.443319082260132,30.198091983795166,30.050737142562866,30.255601167678833,30.25704002380371,30.004249095916748,30.006274938583374,30.011604070663452,30.006514072418213,30.134624004364014,30.002689123153687,30.008283138275146,30.010766983032227,30.004027128219604,30.006415128707886,30.0084331035614,30.008442878723145,30.36682891845703,30.00589895248413
104,ER_700_800_0.15_75,40,40,40,40,40,40,40,40,40,40,40,40,40,40,40,41,41,41,41,41,41,41,41,41,41,40,41,41,41,41,30.004029035568237,30.00326895713806,30.003660917282104,30.004127025604248,30.006524085998535,30.00388503074646,30.003560066223145,30.00389814376831,30.00349497795105,30.003412008285522,30.005162000656128,30.008228063583374,30.022979974746704,30.003506898880005,30.00375008583069,30.0037260055542,30.004583835601807,30.007206916809082,30.003891944885254,30.003862142562866,30.00613808631897,30.00386619567871,30.0083589553833,30.00343108177185,30.113206148147583,30.00549817085266,30.0035138130188,30.00513005256653,30.003623008728027,30.00382113456726
105,ER_700_800_0.15_0,41,41,40,41,41,41,40,41,41,41,41,41,40,41,41,40,41,40,41,40,41,41,40,40,40,41,40,40,41,40,30.008259057998657,30.009872913360596,30.00633192062378,30.00818395614624,30.005472898483276,30.003737211227417,30.004966974258423,30.007596015930176,30.00887894630432,30.002637147903442,30.04486393928528,30.010688066482544,30.040142059326172,30.0064799785614,30.00665783882141,30.008687019348145,30.0036780834198,30.011326789855957,30.00363779067993,30.011062145233154,30.00562286376953,30.007606983184814,30.005666971206665,30.0069739818573,30.011002779006958,30.01086401939392,30.00468683242798,30.007456064224243,30.008734941482544,30.009356021881104
106,ER_700_800_0.15_38,40,40,40,40,40,40,40,40,40,40,42,42,42,42,42,42,40,42,42,42,42,42,42,42,42,42,42,42,42,42,30.002608060836792,30.00323987007141,30.002398014068604,30.004279136657715,30.003342866897583,30.005868911743164,30.00248408317566,30.004542112350464,30.002206802368164,30.00340509414673,30.003615140914917,30.003026008605957,30.00235104560852,30.006705045700073,30.004788875579834,30.002140045166016,30.83349609375,30.005949020385742,30.005005836486816,30.00238013267517,30.0031418800354,30.003713846206665,30.002926111221313,30.003751039505005,30.003384113311768,30.00564193725586,30.004420042037964,30.00639796257019,30.00534701347351,30.004621028900146
107,ER_700_800_0.15_28,39,39,39,41,41,41,41,41,41,41,41,41,41,41,41,41,41,41,41,41,41,41,41,41,41,41,41,41,41,41,30.009077072143555,30.008891105651855,30.00619888305664,30.00601887702942,30.002847909927368,30.002805948257446,30.007042169570923,30.008920907974243,30.002822875976562,30.50993800163269,30.013218879699707,30.359819889068604,30.503334045410156,30.02547597885132,30.00878882408142,30.176508903503418,30.084743976593018,30.563061952590942,30.065167903900146,30.01744794845581,30.317726135253906,30.457701921463013,30.171491861343384,30.15305185317993,30.247429132461548,30.193860054016113,30.298240900039673,30.383877992630005,30.233855962753296,30.373735904693604
108,ER_700_800_0.15_81,38,40,40,40,40,40,40,40,40,40,40,40,40,40,40,40,40,40,40,40,40,40,40,40,40,40,40,40,40,39,30.005506992340088,30.00349187850952,30.03913187980652,30.003476858139038,30.00311017036438,30.008748054504395,30.00440287590027,30.0246639251709,30.006806135177612,30.003341913223267,30.003412008285522,30.007253885269165,30.003257036209106,30.00576901435852,30.004317045211792,30.003395080566406,30.004706859588623,30.0046169757843,30.003347873687744,30.003390073776245,30.0034339427948,30.003576040267944,30.006935119628906,30.006469011306763,30.0037100315094,30.003819942474365,30.003814935684204,30.00524592399597,30.00519108772278,30.017308950424194
109,ER_700_800_0.15_91,39,39,39,39,39,41,41,41,41,41,41,41,41,41,41,41,41,41,41,41,41,41,41,39,40,41,41,41,41,41,30.004082918167114,30.00233292579651,30.002907037734985,30.00329303741455,30.002691984176636,30.002975940704346,30.002799034118652,30.003700017929077,30.00361204147339,30.002976179122925,30.002981901168823,30.00325894355774,30.003182888031006,30.002624034881592,30.00371503829956,30.003218173980713,30.003465175628662,30.003535985946655,30.002807140350342,30.00285506248474,30.003248929977417,30.003108978271484,30.10282588005066,30.070796966552734,30.003114938735962,30.00329089164734,30.003123998641968,30.002777099609375,30.002904176712036,30.00294589996338
110,ER_700_800_0.15_16,41,41,41,41,41,41,41,41,41,41,41,41,41,41,41,41,41,41,41,41,41,41,41,41,41,41,41,41,41,41,30.31092095375061,30.587815046310425,30.637809991836548,30.41233205795288,30.47613215446472,30.247458934783936,30.69210982322693,30.53621506690979,30.614027976989746,30.50946021080017,30.64286494255066,30.468034982681274,30.276369094848633,30.563817024230957,30.603796005249023,30.52075982093811,30.441162109375,30.34347701072693,30.164065837860107,30.413854122161865,30.413568019866943,30.20043706893921,30.1988627910614,30.22106099128723,30.63606286048889,30.490746021270752,30.382744073867798,30.551330089569092,30.55412006378174,30.610013961791992
111,ER_700_800_0.15_121,38,38,38,38,38,38,38,38,38,38,38,38,38,38,38,38,38,38,38,38,41,41,41,41,41,41,41,40,40,41,30.003382921218872,30.003396034240723,30.003646850585938,30.005160093307495,30.003612995147705,30.00889801979065,30.00347399711609,30.003971815109253,30.004597902297974,30.6389319896698,30.27969002723694,30.005879878997803,30.00608205795288,30.011681079864502,30.005526065826416,30.007269859313965,30.005988836288452,30.00809407234192,30.005391120910645,30.023016929626465,30.00746202468872,30.004050970077515,30.00344681739807,30.00504994392395,30.00622296333313,30.003473043441772,30.003499031066895,30.262096881866455,30.006412029266357,30.0032958984375
112,ER_700_800_0.15_1,41,42,42,42,42,42,42,42,42,42,42,42,41,41,41,42,42,42,42,42,42,42,42,42,42,42,42,42,42,42,30.003859996795654,30.005103826522827,30.002408981323242,30.00353503227234,30.00276207923889,30.003071069717407,30.002886056900024,30.005638122558594,30.003119945526123,30.006540060043335,30.003710985183716,30.00896191596985,30.063946962356567,30.066437005996704,30.004112005233765,30.006808042526245,30.001734018325806,30.003823041915894,30.002228021621704,30.003889083862305,30.002272129058838,30.002328872680664,30.005489826202393,30.006147861480713,30.009573936462402,30.003095865249634,30.003716945648193,30.002542972564697,30.007641077041626,30.002416133880615
113,ER_700_800_0.15_74,40,40,40,40,40,40,40,40,40,40,40,40,40,40,40,40,38,40,40,40,40,40,40,40,40,40,40,40,39,40,30.00274682044983,30.00271987915039,30.002028942108154,30.003206968307495,30.002647161483765,30.00234293937683,30.00375008583069,30.00324320793152,30.00377583503723,30.00407385826111,30.00246810913086,30.002135038375854,30.003241062164307,30.003515005111694,30.003782033920288,30.00364112854004,30.008785009384155,30.006808042526245,30.003787994384766,30.006847858428955,30.00352120399475,30.00208806991577,30.003389835357666,30.0022189617157,30.002749919891357,30.00364398956299,30.003204822540283,30.06104803085327,30.353840112686157,30.002965927124023
114,ER_700_800_0.15_64,40,40,40,40,40,40,40,41,41,41,41,41,41,41,41,41,41,41,41,41,41,41,41,41,41,41,41,41,41,41,30.002274990081787,30.003684043884277,30.003480911254883,30.008795976638794,30.003365993499756,30.0035560131073,30.004021167755127,30.002967834472656,30.00402593612671,30.006357192993164,30.004056930541992,30.00311803817749,30.002198934555054,30.00446105003357,30.003005981445312,30.003569841384888,30.00290608406067,30.002840042114258,30.002866983413696,30.003898859024048,30.002750158309937,30.0039279460907,30.005988121032715,30.003709077835083,30.00301218032837,30.004779815673828,30.00806498527527,30.002938985824585,30.0044949054718,30.011166095733643
115,ER_700_800_0.15_90,38,40,40,40,40,40,40,40,40,40,40,41,41,41,41,41,41,41,41,41,41,41,41,41,41,41,41,41,41,41,30.353000164031982,30.01211714744568,30.003643035888672,30.003846883773804,30.003039121627808,30.00402593612671,30.003345012664795,30.004140853881836,30.0036199092865,30.003249883651733,30.003634929656982,30.004961013793945,30.002525091171265,30.005579948425293,30.002646923065186,30.002743005752563,30.003072023391724,30.003575801849365,30.002833127975464,30.003432989120483,30.003094911575317,30.002569913864136,30.003801107406616,30.003078937530518,30.003271102905273,30.00353217124939,30.003769874572754,30.00610113143921,30.003193140029907,30.00244402885437
116,ER_700_800_0.15_80,39,39,39,39,39,39,39,39,39,39,39,39,39,39,39,39,39,39,42,42,42,42,42,42,42,42,42,42,42,42,30.00682282447815,30.007274866104126,30.007040977478027,30.025094985961914,30.02765202522278,30.178728103637695,30.01911997795105,30.04535984992981,30.33695888519287,30.01637601852417,30.00417685508728,30.008509874343872,30.002627849578857,30.008520126342773,30.007710933685303,30.005105018615723,30.232068061828613,30.64760398864746,30.02889084815979,30.011950969696045,30.306105852127075,30.300125122070312,30.018625020980835,30.006266117095947,30.003488063812256,30.003803968429565,30.032322883605957,30.003546953201294,30.01958703994751,30.007986068725586
117,ER_700_800_0.15_29,40,40,40,40,40,40,40,40,40,40,40,40,40,40,40,40,40,40,40,40,40,40,40,40,40,40,40,40,40,40,30.00269103050232,30.004151105880737,30.002731800079346,30.00307607650757,30.002284049987793,30.00248694419861,30.002334117889404,30.00270104408264,30.002570152282715,30.00338101387024,30.003299951553345,30.00885796546936,30.002951860427856,30.003684997558594,30.001938104629517,30.00351595878601,30.004241943359375,30.002755880355835,30.003804922103882,30.003140926361084,30.00382685661316,30.0021870136261,30.002440929412842,30.003313064575195,30.057250022888184,30.356683015823364,30.008191108703613,30.004033088684082,30.00471305847168,30.00382900238037
118,ER_700_800_0.15_39,38,38,38,40,40,40,40,41,40,42,42,42,42,42,42,42,42,42,42,42,42,42,42,42,42,42,42,42,42,42,30.016063928604126,30.01356601715088,30.029500007629395,30.007184982299805,30.00317096710205,30.00438618659973,30.004117012023926,30.00316596031189,30.020495891571045,30.010228872299194,30.00684404373169,30.028084993362427,30.003485918045044,30.00373387336731,30.02527403831482,30.003445863723755,30.005911111831665,30.00685715675354,30.003522157669067,30.00382399559021,30.006712913513184,30.003588914871216,30.003484964370728,30.003494024276733,30.006098985671997,30.006582021713257,30.00329899787903,30.006291151046753,30.006058931350708,30.001697063446045
119,ER_700_800_0.15_8,40,40,40,40,40,40,40,40,40,40,40,40,40,40,40,40,40,40,40,40,40,40,40,40,40,40,40,40,40,40,30.003371000289917,30.004410982131958,30.003831148147583,30.00428605079651,30.00432801246643,30.003650903701782,30.007589101791382,30.003392934799194,30.003175973892212,30.028724908828735,30.005205154418945,30.00348687171936,30.004727125167847,30.003556966781616,30.00352692604065,30.00314688682556,30.008306980133057,30.307651042938232,30.00483989715576,30.002247095108032,30.12433385848999,30.01064705848694,30.007678031921387,30.118690013885498,30.285753965377808,30.3711199760437,30.00751495361328,30.004585027694702,30.00839400291443,30.019681930541992
120,ER_700_800_0.15_52,40,40,41,40,41,41,41,41,41,41,41,41,41,40,40,40,40,40,40,40,39,39,39,39,39,40,40,39,39,39,30.45777201652527,30.412620067596436,30.0047709941864,30.00313901901245,30.00670099258423,30.030877113342285,30.003082036972046,30.006870985031128,30.00375986099243,30.0055148601532,30.004775047302246,30.007106065750122,30.009032011032104,30.009366035461426,30.00568199157715,30.003456830978394,30.008020162582397,30.003947973251343,30.010765075683594,30.101517915725708,30.00257706642151,30.11149501800537,30.023181915283203,30.35077404975891,30.005117177963257,30.004748821258545,30.00765299797058,30.649510145187378,30.392534017562866,30.013004064559937
121,ER_700_800_0.15_42,41,41,41,41,41,41,41,41,41,41,41,41,41,41,41,41,41,41,41,41,41,41,41,41,41,41,41,41,41,41,30.024774074554443,31.061361074447632,30.35269284248352,30.43393588066101,30.0101580619812,30.007498025894165,30.027369022369385,30.477965831756592,30.158260107040405,30.45141100883484,30.0099880695343,30.047166109085083,30.170017957687378,30.180099964141846,30.004089832305908,30.328606843948364,30.66193199157715,30.018388032913208,30.0030038356781,30.009051084518433,30.005836009979248,30.023562908172607,30.007585048675537,30.21574306488037,30.0046648979187,30.00261092185974,30.0087628364563,30.00893998146057,30.00306797027588,30.48970890045166
122,ER_700_800_0.15_89,38,38,38,40,40,40,40,40,40,40,40,40,40,40,40,40,40,40,40,40,40,40,40,40,40,40,40,40,40,40,30.00716519355774,30.22657799720764,30.288322925567627,30.417412996292114,30.0087468624115,30.007610082626343,30.005045890808105,30.22530198097229,30.41761612892151,30.47195601463318,30.597749948501587,30.008174180984497,30.002753019332886,30.507729053497314,30.266524076461792,30.420962810516357,30.0064480304718,30.26648497581482,30.41697096824646,30.159133911132812,30.168111085891724,30.459949016571045,30.004594087600708,30.00619101524353,30.006326913833618,30.338069915771484,30.00235104560852,30.27930498123169,30.002869129180908,30.003952980041504
123,ER_700_800_0.15_99,40,40,40,40,40,40,40,40,40,40,40,40,41,40,40,41,40,41,41,40,40,40,40,40,40,40,40,40,40,40,30.00250005722046,30.007909059524536,30.003718852996826,30.00571298599243,30.007122039794922,30.004381895065308,30.002426862716675,30.006139039993286,30.003366947174072,30.006587982177734,30.00455594062805,30.00589108467102,30.007733821868896,30.007390022277832,30.004355907440186,30.006117820739746,30.006735801696777,30.00295901298523,30.003019094467163,30.00326681137085,30.641218900680542,30.487900018692017,30.203188180923462,30.610753059387207,30.375364780426025,30.455715894699097,30.412395000457764,30.174105167388916,30.279757022857666,30.274828910827637
124,ER_700_800_0.15_30,39,42,42,42,42,42,42,42,42,42,42,42,42,42,42,42,42,42,42,42,42,42,42,42,42,42,42,42,42,42,30.33516502380371,30.500963926315308,30.33453893661499,30.392043113708496,30.27726912498474,30.560858011245728,30.54703688621521,30.631420135498047,30.242238998413086,30.535173177719116,30.47973895072937,30.571077823638916,30.666067123413086,30.577030897140503,30.357698917388916,30.407891035079956,30.387900829315186,30.203718185424805,30.37217402458191,30.400377988815308,30.220407009124756,30.12460994720459,30.428559064865112,30.185420036315918,30.182596921920776,30.272801876068115,30.83789300918579,30.10597014427185,30.604660987854004,30.511486768722534
125,ER_700_800_0.15_117,38,38,38,41,41,41,41,41,41,41,41,41,41,41,41,41,41,41,41,41,41,41,41,41,41,41,41,41,41,41,30.032679080963135,30.422501802444458,30.5734601020813,30.417820930480957,30.18193006515503,30.446810960769653,30.264074087142944,30.563102960586548,30.231343030929565,30.552720069885254,30.63681697845459,30.443631172180176,30.550965785980225,30.639041900634766,30.49851703643799,30.224710941314697,30.622192859649658,30.200304985046387,30.005707025527954,30.07545495033264,30.00796890258789,30.00265908241272,30.183541774749756,30.631803035736084,30.296741008758545,30.620483875274658,30.405713081359863,30.578174114227295,30.0489559173584,30.33551001548767
126,ER_700_800_0.15_20,40,40,40,40,40,40,40,40,40,40,40,40,40,40,40,40,40,40,40,40,40,40,40,40,40,40,40,40,40,40,30.004378080368042,30.429588079452515,30.010885000228882,30.399272918701172,30.004728078842163,30.302844047546387,30.413671016693115,30.052863121032715,30.324432849884033,30.37578582763672,30.296034812927246,30.46275806427002,30.362622022628784,30.555564880371094,30.00279402732849,30.530395030975342,30.009984016418457,30.56010413169861,30.088762998580933,30.007949829101562,30.005918979644775,30.075958013534546,30.542536973953247,30.261917114257812,30.185675144195557,30.003090858459473,30.473324060440063,30.006405115127563,30.364798069000244,30.2097589969635
127,ER_700_800_0.15_107,39,39,39,39,39,39,39,39,39,39,39,39,39,39,39,39,39,40,41,40,40,41,41,41,41,40,39,41,41,41,30.003302097320557,30.00426197052002,30.008450031280518,30.003602981567383,30.003594875335693,30.006925106048584,30.00974678993225,30.006309986114502,30.003634929656982,30.005040884017944,30.003652811050415,30.004090070724487,30.003733158111572,30.003675937652588,30.003283977508545,30.02630305290222,30.003808975219727,30.00348711013794,30.003183126449585,30.04179620742798,30.002959966659546,30.003015995025635,30.002756118774414,30.001839876174927,30.00519299507141,30.006314039230347,30.006911039352417,30.006755113601685,30.00616979598999,30.004575967788696
